caseId,dateDecision,decisionType,usCite,sctCite,term,naturalCourt,docket,caseName,dateArgument,dateRearg,petitioner,petitionerState,respondent,respondentState,jurisdiction,threeJudgeFdc,caseOrigin,caseOriginState,caseSource,caseSourceState,lcDisagreement,certReason,lcDisposition,lcDispositionDirection,declarationUncon,caseDisposition,caseDispositionUnusual,partyWinning,precedentAlteration,voteUnclear,issue,issueArea,decisionDirection,decisionDirectionDissent,authorityDecision1,authorityDecision2,lawType,lawSupp,lawMinor,majOpinWriter,majOpinAssigner,splitVote,majVotes,minVotes
2010-003,11/30/10,1,562 U.S. 29,131 S. Ct. 447,2010,1704,09-350,"LOS ANGELES COUNTY, CALIFORNIA, PETITIONER v. CRAIG ARTHUR HUMPHRIES et al.",10/5/10,,5,6,202,,1,0,48,,29,,0,12,7,2,1,4,0,1,0,0,20400,2,1,0,4,,3,314,NA,110,111,1,8,0
2010-004,12/13/10,5,562 U.S. 40,131 S. Ct. 565,2010,1704,08-1423,"COSTCO WHOLESALE CORPORATION, PETITIONER  v. OMEGA, S.A.",11/8/10,,252,,234,,1,0,,,29,,0,12,3,2,1,2,0,0,0,0,80190,8,2,0,3,,9,900,NA,,,1,4,4
2010-005,1/10/11,2,562 U.S. 42,131 S. Ct. 704,2010,1704,Oct-72,"MADISON COUNTY, NEW YORK et al.v. ONEIDA INDIAN NATION OF NEW YORK",,,5,37,170,,1,0,95,,22,,0,11,2,2,1,3,0,1,0,0,20150,2,1,0,3,,9,900,NA,,111,1,8,0
2010-007,1/11/11,1,562 U.S. 61,131 S. Ct. 716,2010,1704,09-907,"JASON M. RANSOM, PETITIONER v. FIA CARD SERVICES, N.A., FKA MBNA AMERICA BANK, N.A.",10/4/10,,138,,135,,1,0,90,,29,,0,2,2,2,1,2,0,0,0,0,80030,8,1,0,4,,3,307,NA,114,111,1,8,1
2010-009,1/19/11,1,562 U.S. 115,131 S. Ct. 733,2010,1704,09-658,"JEFF PREMO, SUPERINTENDENT, OREGON STATE PENITENTIARY, PETITIONER v. RANDY JOSEPH MOORE",10/12/10,,28,43,215,,1,0,108,,29,,1,12,4,2,1,4,0,1,0,0,20330,2,1,0,2,,2,205,NA,106,111,1,8,0
2010-010,1/19/11,1,562 U.S. 134,131 S. Ct. 746,2010,1704,09-530,"NATIONAL AERONAUTICS AND SPACE ADMINISTRATION, et al., PETITIONERS v. ROBERT M. NELSON et al.",10/5/10,,376,,8,60,1,0,48,,29,,0,12,4,2,1,4,0,1,0,0,50040,5,1,0,4,7,6,600,"Privacy Act of 1974, 5 USC 552",112,111,1,8,0
2010-012,1/24/11,1,562 U.S. 195,131 S. Ct. 871,2010,1704,09-329,"CHASE BANK USA, NA., PETITIONER v. JAMES A. MCCOY, INDIVIDUALLY AND ON BEHALF OF ALL OTHERS SIMILARLY SITUATED",12/8/10,,113,,138,,1,0,48,,29,,1,2,6,2,1,4,0,1,0,0,80170,8,1,0,5,4,3,373,NA,113,111,1,9,0
2010-013,1/24/11,1,562 U.S. 180,131 S. Ct. 884,2010,1704,09-737,"MICHELLE ORITZ, PETITIONER v. PAULA JORDAN et al.",11/1/10,,215,,19,41,1,0,104,,26,,0,2,4,1,1,4,0,1,0,0,20400,2,2,0,5,,3,314,NA,109,111,1,9,0
2010-014,1/24/11,1,562 U.S. 170,131 S. Ct. 863,2010,1704,09-291,"ERIC L. THOMPSON, PETITIONER v. NORTH AMERICAN STAINLESS, LP",12/7/10,,145,,151,,1,0,73,,26,,1,12,2,1,1,4,0,1,0,0,20060,2,2,0,4,,3,384,NA,105,111,1,8,0
2010-015,2/22/11,1,562 U.S. 223,131 S. Ct. 1068,2010,1704,09-152,"RUSSEL BRUESEWITZ, et al. PETITIONERS v. WYETH LLC, FKA WYETH, INC., FKA WYETH LABORATORIES, et al.",10/12/10,,175,,143,,1,0,109,,23,,0,12,2,1,1,2,0,0,0,0,100030,10,2,0,4,,6,600,42 USCA 300aa,105,111,1,6,2
2010-016,2/22/11,1,562 U.S. 277,131 S. Ct. 1101,2010,1704,09-520,"CSX TRANSPORTATION, INC., PETITIONER v. ALABAMA DEPARTMENT OF REVENUE et al.",11/10/10,,231,,19,1,1,0,42,,31,,0,12,2,1,1,4,0,1,0,0,80100,8,1,0,4,,6,600,49 USCA 11501,114,111,1,7,2
2010-017,2/23/11,1,562 U.S. 307,131 S. Ct. 1120,2010,1704,09-996,"JAMES WALKER, WARDEN, et al., PETITIONERS v. CHARLES W. MARTIN",11/29/10,,28,6,215,,1,0,49,,29,,0,11,4,2,1,3,0,1,0,0,20330,2,1,0,7,4,8,800,NA,109,111,1,9,0
2010-018,2/23/11,1,562 U.S. 323,131 S. Ct. 1131,2010,1704,08-1314,"DELBERT WILLIAMSON, et al., PETITIONERS v. MAZDA MOTOR OF AMERICA, INC., et al.",11/3/10,,208,,189,,1,0,302,6,301,6,0,5,2,2,1,3,0,1,0,0,100030,10,1,0,5,7,9,900,NA,110,111,1,8,0
2010-020,3/1/11,1,562 U.S. 397,131 S. Ct. 1177,2010,1704,09-1279,"FEDERAL COMMUNICATIONS COMMISSION, et al., PETITIONERS v. AT&T INC. et al.",1/19/11,,338,,205,,1,0,23,,23,,0,12,1,1,1,3,0,1,0,0,50040,5,1,0,4,5,3,335,NA,111,111,1,8,0
2010-021,3/1/11,1,562 U.S. 411,131 S. Ct. 1186,2010,1704,09-400,"VINCENT E. STAUB, PETITIONER v. PROCTOR HOSPITAL",11/2/10,,250,,151,,1,0,65,,27,,0,12,3,1,1,4,0,1,0,0,20060,2,2,0,4,,6,600,38 USCA 4311,105,111,1,8,0
2010-022,3/1/11,1,562 U.S. 428,131 S. Ct. 1197,2010,1704,09-1036,"DORETHA H. HENDERSON, AUTHORIZED REPRESENTATIVE OF DAVID L. HENDERSON, DECEASED, PETITIONER v. ERIC K. SHINESKI, SECRETARY OF VETERANS AFFAIRS",12/6/10,,250,,414,,1,0,6,,8,,1,12,2,1,1,4,0,1,0,0,20250,2,2,0,5,4,6,600,38 USCA 7266,112,111,1,8,0
2010-026,3/7/11,1,562 U.S. 562,131 S. Ct. 1259,2010,1704,09-1163,"GLEN SCOTT MILNER, PETITIONER v. DEPARTMENT OF THE NAVY",12/1/10,,218,,377,,1,0,129,,29,,0,2,2,1,1,4,0,1,0,0,50040,5,2,0,4,,3,335,NA,114,111,1,8,1
2010-027,3/7/11,1,562 U.S. 521,131 S. Ct. 1289,2010,1704,Sep-00,"HENRY W. SKINNER, PETITIONER v. LYNN SWITZER, DISTRICT ATTORNEY FOR THE 31ST JUDICIAL DISTRICT OF TEXAS",10/13/10,,215,,19,51,1,0,120,,25,,0,2,2,1,1,4,0,1,0,0,20400,2,2,0,4,,3,314,NA,109,111,1,6,3
2010-028,3/21/11,2,562 U.S. 594,131 S. Ct. 1305,2010,1704,10-797,T. FELKNER v. STEVEN FRANK JACKSON,,,28,6,126,,1,0,49,,29,,0,12,3,2,1,4,0,1,0,0,20040,2,1,0,7,,3,341,NA,,111,1,9,0
2010-029,3/22/11,1,563 U.S. 1,131 S. Ct. 1325,2010,1704,09-834,"KEVIN KASTEN, PETITIONER v. SAINT-GOBAIN PERFORMANCE PLASTICS CORPORATION",10/13/10,,145,,151,,1,0,133,,27,,1,2,2,1,1,5,0,1,0,0,70040,7,2,0,4,,3,334,NA,110,111,1,6,2
2010-030,3/22/11,1,563 U.S. 27,131 S. Ct. 1309,2010,1704,09-1156,"MATRIXX INITIATIVES, INC., et al., PETITIONERS v. JAMES SIRACUSANO et al.",1/10/11,,143,,173,,1,0,45,,29,,0,12,4,2,1,2,0,0,0,0,80120,8,2,0,4,5,3,365,NA,113,111,1,9,0
2010-031,3/29/11,1,563 U.S. 51,131 S. Ct. 1350,2010,1704,09-571,"HARRY F. CONNICK, DISTRICT ATTORNEY, et al., PETITIONERS v. JOHN THOMPSON",10/6/10,,19,6,126,,1,0,75,,25,,1,12,2,2,1,3,0,1,0,0,20400,2,1,0,4,,3,314,NA,108,111,1,5,4
2010-036,4/20/11,1,563 U.S. 277,131 S. Ct. 1651,2010,1704,08-1438,"HARVEY LEROY SOSSAMON, III, PETITIONER v. TEXAS et al.",11/2/10,,215,,28,51,1,0,122,,25,,0,2,2,1,1,2,0,0,0,0,20400,2,1,0,4,,6,600,42-2000cc,108,111,1,6,2
2010-037,4/19/11,1,563 U.S. 247,131 S. Ct. 1632,2010,1704,09-529,"VIRGINIA OFFICE FOR PROTECTION AND ADVOCACY, PETITIONER v. JAMES W. STEWART III, COMMISSIONER, VIRGINIA DEPARTMENT OF BEHAVIORAL HEALTH AND DEVELOPMENTAL SERVICES, et al.",12/1/10,,7,55,19,55,1,0,126,,24,,0,12,4,1,1,4,0,1,0,0,100070,10,2,0,2,4,2,224,NA,105,105,1,6,2
2010-040,4/27/11,1,563 U.S. 333,131 S. Ct. 1740,2010,1704,09-893,"AT&T MOBILITY LLC, PETITIONER v. VINCENT CONCEPCION",11/9/10,,205,,134,,1,0,51,,29,,0,12,2,2,1,4,0,1,0,0,80160,8,1,0,4,,3,388,NA,105,111,1,5,4
2010-041,4/26/11,1,563 U.S. 307,131 S. Ct. 1723,2010,1704,09-846,"UNITED STATES, PETITIONER v. TOHONO O'ODHAM NATION",11/1/10,,27,,170,,1,0,3,,8,,1,12,4,2,1,4,0,1,0,0,20150,2,1,0,4,,6,600,28-1500,106,111,1,7,1
2010-042,5/16/11,1,563 U.S. 401,131 S. Ct. 1885,2010,1704,10-188,"SCHINDLER ELEVATOR CORPORATION, PETITIONER v. UNITED STATES ex rel. DANIEL KIRK",3/1/11,,176,,230,,1,0,96,,22,,0,12,5,2,1,4,0,1,0,0,50040,5,1,0,4,5,3,335,NA,108,111,1,5,3
2010-043,5/16/11,1,563 U.S. 421,131 S. Ct. 1866,2010,1704,09-804,"CIGNA CORPORATION, et al., PETITIONERS v. JANICE C. AMARA, et al., INDIVIDUALLY AND ON BEHALF OF ALL OTHERS SIMILARLY SITUATED",11/30/10,,151,,145,,1,0,53,,22,,0,11,2,2,1,5,0,1,0,0,80090,8,1,0,4,,3,323,NA,110,111,1,8,0
2010-045,5/23/11,1,563 U.S. 478,131 S. Ct. 1900,2010,1704,09-1298,"GENERAL DYNAMICS CORPORATION, PETITIONER, v. UNITED STATES",1/18/11,,176,,27,,1,0,3,,8,,0,11,2,2,1,5,0,1,0,0,50010,5,1,0,4,,,,41-609,105,111,1,9,0
2010-047,5/26/11,1,563 U.S. 582,131 S. Ct. 1968,2010,1704,09-115,"CHAMBER OF COMMERCE OF THE UNITED STATES OF AMERICA, et al., PETITIONERS v. MICHAEL B. WHITING ET AL",12/8/10,,216,,19,4,1,0,45,,29,,0,12,2,1,1,2,0,0,0,0,100030,10,1,0,4,,3,344,NA,111,111,1,5,3
2010-051,5/31/11,1,563 U.S. 754,131 S. Ct. 2060,2010,1704,6-Oct,"GLOBAL-TECH APPLIANCES, INC., et al., PETITIONERS v. SEB S.A.",2/23/11,,184,,172,,1,0,96,,8,,0,12,2,2,1,2,0,0,0,0,80180,8,2,0,4,,6,600,35-271,112,111,1,8,1
2010-052,5/31/11,1,563 U.S. 731,131 S. Ct. 2074,2010,1704,Oct-98,"JOHN D. ASHCROFT, PETITIONER v. ABDULLAH AL-KIDD",3/2/11,,1,,174,,1,0,64,,29,,1,12,2,2,1,4,0,1,0,0,80060,8,2,0,5,4,6,600,18-3144,105,111,1,8,0
2010-055,6/6/11,1,563 U.S. 776,131 S. Ct. 2188,2010,1704,09-1159,"BOARD OF TRUSTEES OF THE LELAND STANFORD JUNIOR UNIVERSITY, PETITIONER v. ROCHE MOLECULAR SYSTEMS, INC., et al.",2/28/11,,176,,143,,1,0,50,,8,,0,12,5,1,1,2,0,0,0,0,80180,8,1,0,4,,6,600,35-200,111,111,1,7,2
2010-057,6/9/11,1,564 U.S. 91,131 S. Ct. 2238,2010,1704,10-290,"MICROSOFT CORPORATION, PETITIONER v. I4I  LIMITED PARTNERSHIP et al.",4/18/11,,133,,133,,1,0,119,,8,,0,12,2,2,1,2,0,0,0,0,80210,8,2,0,4,,6,600,35-282,113,105,1,8,0
2010-059,6/9/11,1,564 U.S. 50,131 S. Ct. 2254,2010,1704,10-313,"TALK AMERICA, PETITIONER v. MICHIGAN BELL TELEPHONE COMPANY DBA AT&T MICHIGAN",3/30/11,,205,,205,,1,0,81,,26,,1,2,2,1,1,3,0,1,0,0,80340,8,2,0,5,,3,326,NA,108,111,1,8,0
2010-061,6/13/11,5,564 U.S. 210,131 S. Ct. 2312,2010,1704,1-Sep,"RUBEN FLORES-VILLAR, PETITIONER v. UNITED STATES",11/10/10,,106,,27,,1,0,,,29,,0,12,,1,1,2,0,0,0,0,20270,2,1,0,3,,9,900,NA,,,1,4,4
2010-062,6/13/11,1,564 U.S. 162,131 S. Ct. 2313,2010,1704,10-382,"UNITED STATES, PETITIONER v. JICARILLA APACHE NATION",4/20/11,,27,,170,,1,0,3,,8,,0,12,2,2,1,4,0,1,0,0,20150,2,1,0,4,7,6,600,28-1491,112,111,1,7,1
2010-063,6/13/11,1,564 U.S. 135,131 S. Ct. 2296,2010,1704,09-525,"JANUS CAPITAL GROUP, INC., et al., PETITIONERS v. FIRST DERIVATIVE TRADERS",12/7/10,,173,,237,,1,0,79,,24,,0,11,3,2,1,3,0,1,0,0,80120,8,1,0,5,,3,365,NA,108,111,1,5,4
2010-068,6/16/11,1,564 U.S. 299,131 S. Ct. 2368,2010,1704,09-1205,"KEITH SMITH, et al., PETITIONERS v. BAYER CORPORATION",1/18/11,,134,,143,,1,0,83,,28,,0,2,2,2,1,3,0,1,0,0,100020,10,1,0,4,,6,600,28-2283,114,111,1,9,0
2010-072,6/20/11,1,564 U.S. 410,131 S. Ct. 2527,2010,1704,10-174,"AMERICAN ELECTRIC POWER COMPANY, INC., et al., PETITIONERS v. CONNECTICUT ET AL",4/19/11,,148,,28,8,1,0,96,,22,,0,12,5,2,1,4,0,1,0,0,80130,8,1,0,4,,3,304,NA,109,111,1,8,0
2010-074,6/23/11,1,564 U.S. 685,131 S. Ct. 2630,2010,1704,10-235,"CSX TRANSPORTATION, INC., PETITIONER v. ROBERT MCBRIDE",3/28/11,,231,,145,,1,0,67,,27,,0,11,2,2,1,2,0,0,0,0,80040,8,2,0,4,7,3,329,NA,109,108,1,5,4
2010-076,6/23/11,1,564 U.S. 604,131 S. Ct. 2567,2010,1704,09-993,"PLIVIA, INC., et al., PETITIONERS v. GLADYS MENSING",3/30/11,,143,,134,,1,0,83,,28,,0,12,2,1,1,4,0,1,0,0,100030,10,2,0,1,,1,148,NA,108,111,1,5,4
2011-004,11/7/11,2,565 U.S. 18,132 S. Ct. 23,2011,1704,10-1521,KPMG LLP v. ROBERT COCCHI et al.,,,119,,173,,1,0,302,12,301,12,0,12,2,2,1,5,0,1,0,0,80160,8,1,0,4,,6,600,1-Sep,,111,1,9,0
2011-007,1/10/12,1,565 U.S. 95,132 S. Ct. 665,2011,1704,10-948,COMPUCREDIT CORPORATION et al. v. WANDA GREENWOOD et al.,10/11/11,,135,,134,,1,0,50,,29,,1,12,2,2,1,4,0,1,0,0,80160,8,1,0,4,,6,600,15-1679,105,111,1,8,1
2011-010,1/11/12,1,565 U.S. 207,132 S. Ct. 680,2011,1704,10-507,"PACIFIC OPERATORS OFFSHORE, LLP, et al. v. LUISA L. VALLADOLID ET AL",10/11/11,,198,,145,,1,0,29,,29,,0,2,3,2,1,2,0,0,0,0,80040,8,2,0,4,,3,349,NA,108,111,1,9,0
2011-013,12/12/11,1,565 U.S. 42,132 S. Ct. 476,2011,1704,10-694,"JOEL JUDULANG, PETITIONER v. ERIC H. HOLDER, JR., ATTORNEY GENERAL",10/12/11,,106,,1,,1,0,29,,29,,0,2,2,1,1,4,0,1,0,0,20110,2,2,0,4,,3,344,NA,114,111,1,9,0
2011-014,1/18/12,1,565 U.S. 368,132 S. Ct. 740,2011,1704,10-1195,"MARCUS D. MIMS, PETITIONER v. ARROW FINANCIAL SERVICES, LLC",11/28/11,,134,,135,,1,0,58,,31,,0,2,2,1,1,4,0,1,0,0,80170,8,2,0,4,,6,600,47-227,109,111,1,9,0
2011-015,1/18/12,1,565 U.S. 302,132 S. Ct. 873,2011,1704,10-545,"LAWRENCE GOLAN, et al. v. ERIC H. HOLDER, JR., ATTORNEY GENERAL, et al.",10/5/11,,112,,1,,1,0,52,,30,,0,11,3,1,1,2,0,0,0,0,80190,8,1,0,1,1,1,114,NA,109,111,1,6,2
2011-016,1/18/12,1,565 U.S. 266,132 S. Ct. 912,2011,1704,Oct-63,"CORY R. MAPLES, PETITIONER v. KIM T. THOMAS, COMMISSIONER, ALABAMA DEPARTMENT OF CORRECTIONS",10/4/11,,126,,28,1,1,0,42,,31,,1,11,9,1,1,4,0,1,0,0,20320,2,2,0,7,,9,900,NA,109,111,1,7,2
2011-019,1/23/12,1,565 U.S. 452,132 S. Ct. 965,2011,1704,10-224,"NATIONAL MEAT ASSOCIATION, PETITIONER v. KAMALA D. HARRIS, ATTORNEY GENERAL OF CALIFORNIA, et al.",11/9/11,,158,,19,6,1,0,49,,29,,0,12,3,1,1,4,0,1,0,0,100030,10,2,0,4,5,6,600,21-601,114,111,1,9,0
2011-021,1/20/12,6,565 U.S. 388,132 S. Ct. 934,2011,1704,11-713,"RICK PERRY, GOVERNOR OF TEXAS, et al., APPELLANTS v. SHANNON PEREZ et al.",1/9/12,,19,51,251,,2,1,122,,122,,0,1,9,2,1,5,0,1,0,0,20090,2,1,0,4,,3,378,NA,,111,1,9,0
2011-022,2/21/12,1,565 U.S. 478,132 S. Ct. 1166,2011,1704,10-577,"AKIO KAWASHIMA, ET UX., PETITIONERS v. ERIC H. HOLDER, JR., ATTORNEY GENERAL.",11/7/11,,106,,327,,1,0,29,,29,,0,11,7,1,1,2,0,0,0,0,20110,2,1,0,4,,3,344,NA,108,111,1,6,3
2011-025,2/21/12,2,565 U.S. 530,132 S. Ct. 1201,2011,1704,11-391,"MARMET HEALTH CARE CENTER, INC., et al., PETITIONERS (NO. 11-391) v. CLAYTON BROWN et al.",,,165,,204,,1,0,302,57,300,57,0,12,3,2,1,5,0,1,0,0,80160,8,1,0,4,,6,600,1-Sep,,111,1,9,0
2011-026,2/22/12,1,565 U.S. 535,132 S. Ct. 1235,2011,1704,10-704,"CURT MESSERSCHMIDT et al., PETITIONERS v. BRENDA MILLENDER, AS EXECUTOR OF THE ESTATE OF AUGUSTA MILLENDER, DECEASED, et al.",12/5/11,,19,6,188,,1,0,51,,29,,1,12,2,2,1,3,0,1,0,0,20400,2,1,0,1,,2,205,NA,111,111,1,6,3
2011-027,2/22/12,1,565 U.S. 576,132 S. Ct. 1215,2011,1704,10-218,"PPL MONTANA, LLC, PETITIONER v. MONTANA",12/7/11,,219,,28,31,1,0,302,31,300,31,1,12,2,2,1,4,0,1,0,0,80130,8,1,0,7,,9,900,NA,106,111,1,9,0
2011-028,2/22/12,1,565 U.S. 606,132 S. Ct. 1204,2011,1704,09-958,"TOBY DOUGLAS, DIRECTOR, CALIFORNIA DEPARTMENT OF HEALTH CARE SERVICES, PETITIONER v. INDEPENDENT LIVING CENTER OF SOUTHERN CALIFORNIA, INC., et al.",10/3/11,,19,6,165,,1,0,29,,29,,0,11,2,1,1,5,0,1,0,0,20180,2,2,1,1,,1,148,NA,110,106,1,5,4
2011-029,2/29/12,1,565 U.S. 625,132 S. Ct. 1261,2011,1704,10-879,"GLORIA GAIL KURNS, EXECUTRIX OF THE ESTATE OF GEORGE M. CORSON, DECEASED, et al., PETITIONERS v. RAILROAD FRICTION PRODUCTS CORPORATION et al.",11/9/11,,230,,184,,1,0,109,,23,,0,12,2,2,1,2,0,0,0,0,100020,10,2,0,4,,6,600,49-20701,108,111,1,6,3
2011-030,3/5/12,1,565 U.S. 648,132 S. Ct. 1276,2011,1704,10-1265,"MICHAEL MARTEL, WARDEN, PETITIONER v. KENNETH CLAIR",12/6/11,,28,6,126,,1,0,48,,29,,0,12,5,2,1,4,0,1,0,0,20320,2,1,0,4,,6,600,18-3599,114,111,1,9,0
2011-031,3/20/12,1,566 U.S. 1,132 S. Ct. 1309,2011,1704,10-1001,"LUIS MARIANO MARTINEZ, PETITIONER v. CHARLES L. RYAN, DIRECTOR, ARIZONA DEPARTMENT OF CORRECTIONS",10/4/11,,215,,28,4,1,0,45,,29,,0,12,2,1,1,4,0,1,0,0,20330,2,2,0,7,,9,900,NA,106,111,1,7,2
2011-032,3/20/12,7,566 U.S. 30,132 S. Ct. 1327,2011,1704,10-1016,"DANIEL COLEMAN, PETITIONER v. COURT OF APPEALS OF MARYLAND et al.",1/11/12,,13,25,28,25,1,0,79,,24,,0,12,2,1,2,2,0,0,0,0,100070,10,1,0,2,,2,232,NA,106,111,1,5,4
2011-033,3/20/12,1,566 U.S. 93,132 S. Ct. 1350,2011,1704,10-1399,"DANA ROBERTS, PETITIONER v. SEA-LAND SERVICES, INC., et al.",1/11/12,,145,,151,,1,0,29,,29,,0,2,2,1,1,2,0,0,0,0,80040,8,1,0,4,,3,349,NA,113,111,1,8,1
2011-034,3/20/12,1,566 U.S. 66,132 S. Ct. 1289,2011,1704,10-1150,"MAYO COLLABORATIVE SERVICES, DBA MAYO MEDICAL LABORATORIES, et al., PETITIONERS v. PROMETHEUS LABORATORIES, INC.",12/7/11,,165,,165,,1,0,49,,8,,0,12,3,2,1,3,0,1,0,0,80180,8,2,0,4,7,6,600,35-101,110,111,1,9,0
2011-036,3/26/12,1,566 U.S. 221,132 S. Ct. 1414,2011,1704,10-1261,"CREDIT SUISSE SECURITIES (USA) LLC, et al., PETITIONERS v. VANESSA SIMMONDS",11/29/11,,119,,173,,1,0,129,,29,,0,12,9,1,1,5,0,1,0,0,80120,8,1,0,4,,3,365,NA,105,105,1,8,0
2011-038,3/21/12,1,566 U.S. 156,132 S. Ct. 1376,2011,1704,10-209,"BLAINE LAFLER, PETITIONER v. ANTHONY COOPER",10/31/11,,126,,28,27,1,0,81,,26,,0,12,2,1,1,5,0,1,0,0,20330,2,2,0,2,7,2,214,NA,106,106,1,5,4
2011-039,3/21/12,1,566 U.S. 134,132 S. Ct. 1399,2011,1704,10-444,"MISSOURI, PETITIONER v. GALIN E. FRYE",10/31/11,,28,30,126,,1,0,302,30,301,30,0,12,3,2,1,5,0,1,0,0,20330,2,2,0,2,,2,214,NA,106,106,1,5,4
2011-040,3/21/12,1,566 U.S. 120,132 S. Ct. 1367,2011,1704,10-1062,"CHANTELL SACKETT, et vir, PETITIONERS v. ENVIRONMENTAL PROTECTION AGENCY, et al.",1/9/12,,195,,333,,1,0,64,,29,,0,12,2,1,1,4,0,1,0,0,80130,8,2,0,4,,3,338,NA,105,111,1,9,0
2011-042,3/28/12,1,566 U.S. 257,132 S. Ct. 1479,2011,1704,10-1211,"PANAGIS VARTELAS, PETITIONER v. ERIC H. HOLDER, JR., ATTORNEY GENERAL",1/18/12,,106,,327,,1,0,22,,22,,0,2,2,1,1,4,0,1,0,0,20260,2,2,0,4,,6,600,110 Stat 3009,109,111,1,6,3
2011-043,3/28/12,1,566 U.S. 284,132 S. Ct. 1441,2011,1704,10-1024,"FEDERAL AVIATION ADMINISTRATION, et al., PETITIONERS v. STANMORE CAWTHON COOPER",11/30/11,,334,,214,,1,0,50,,29,,0,12,4,2,1,4,0,1,0,0,50010,5,1,0,,4,6,600,5-552,112,111,1,5,3
2011-045,4/2/12,1,566 U.S. 356,132 S. Ct. 1497,2011,1704,10-788,"CHARLES A. REHBERG, PETITIONER v. JAMES P. PAULK",11/1/11,,216,,8,58,1,0,59,,31,,0,2,2,1,1,2,0,0,0,0,20400,2,1,0,4,,3,314,NA,112,111,1,9,0
2011-047,4/17/12,1,566 U.S. 399,132 S. Ct. 1670,2011,1704,10-844,"CARACO PHARMACEUTICAL LABORATORIES, LTD., et al., PETITIONERS v. NOVO NORDISK A/S et al.",12/5/11,,143,,143,,1,0,81,,8,,1,12,3,1,1,4,0,1,0,0,80170,8,2,0,4,,6,600,21-355,114,111,1,9,0
2011-048,4/17/12,1,566 U.S. 377,132 S. Ct. 1657,2011,1704,10-1018,"STEVE A. FILARSKY, PETITIONER v. NICHOLAS B. DELIA.",1/17/12,,111,,8,6,1,0,48,,29,,0,2,6,2,1,3,0,1,0,0,20400,2,1,0,4,,3,314,NA,111,111,1,9,0
2011-049,4/18/12,1,566 U.S. 449,132 S. Ct. 1702,2011,1704,Nov-88,"ASID MOHAMAD, INDIVIDUALLY AND FOR THE ESTATE OF AZZAM RAHIM, DECEASED, et al., PETITIONERS v. PALESTINIAN AUTHORITY et al.",2/28/12,,208,,600,,1,0,55,,32,,0,2,2,1,1,2,0,0,0,0,80070,8,1,0,4,,6,600,28-1350,113,111,1,9,0
2011-050,4/18/12,1,566 U.S. 431,132 S. Ct. 1690,2011,1704,10-1219,"DAVID J. KAPPOS, UNDER SECRETARY OF COMMERCE FOR INTELLECTUAL PROPERTY AND DIRECTOR, PATENT AND TRADEMARK OFFICE, PETITIONER v. GILBERT P. HYATT",1/9/12,,394,,172,,1,0,55,,8,,1,12,2,2,1,2,0,0,0,0,80180,8,2,0,4,,6,600,35-145,108,111,1,9,0
2011-054,5/21/12,1,566 U.S. 541,132 S. Ct. 2021,2011,1704,11-159,"MICHAEL J. ASTRUE, COMMISSIONER OF SOCIAL SECURITY, PETITIONER v. KAREN K. CAPATO, ON BEHALF OF B. N. C., et al.",3/19/12,,406,,188,,1,0,92,,23,,0,2,7,2,1,4,0,1,0,0,20170,2,1,0,4,,3,370,NA,109,111,1,9,0
2011-056,5/21/12,1,566 U.S. 583,132 S. Ct. 2011,2011,1704,10-1542,"ERIC H. HOLDER, JR., ATTORNEY GENERAL, PETITIONER  v. CARLOS MARTINEZ GUTIERREZ",1/18/12,,327,,106,,1,0,29,,29,,0,2,2,2,1,4,0,1,0,0,20110,2,1,0,4,,3,344,NA,114,111,1,9,0
2011-058,5/24/12,1,566 U.S. 624,132 S. Ct. 2034,2011,1704,10-1042,"TAMMY FORET FREEMAN, et al., PETITIONERS v. QUICKEN LOANS, INC.",2/21/12,,195,,135,,1,0,75,,25,,1,12,2,1,1,2,0,0,0,0,80170,8,1,0,4,,6,600,7-Dec,105,111,1,9,0
2011-059,5/29/12,1,566 U.S. 639,132 S. Ct. 2065,2011,1704,11-166,"RADLAX GATEWAY HOTEL, LLC, et al. v. AMALGAMATED BANK",4/23/12,,138,,113,,1,0,66,,27,,0,12,2,1,1,2,0,0,0,0,20100,2,1,0,4,,3,307,NA,105,111,1,8,0
2011-061,6/4/12,1,566 U.S. 658,132 S. Ct. 2088,2011,1704,11-262,"VIRGIL D. 'GUS' REICHLE, JR., et al., PETITIONERS v. STEVEN HOWARDS",3/21/12,,8,60,100,,1,0,52,,30,,1,11,7,2,1,4,0,1,0,0,20400,2,1,0,1,,2,200,NA,108,111,1,8,0
2011-062,6/4/12,1,566 U.S. 673,132 S. Ct. 2073,2011,1704,11-161,"CHRISTINE ARMOUR, et al., PETITIONERS v. CITY OF INDIANAPOLIS, INDIANA, et al.",2/29/12,,195,,3,18,1,0,302,18,300,18,0,11,3,1,1,2,0,0,0,0,80100,8,1,0,2,,2,231,NA,110,106,1,6,3
2011-066,6/18/12,1,567 U.S. 182,132 S. Ct. 2181,2011,1704,11-551,SALAZAR v. RAMAH NAVAJO CHAPTER,4/18/12,,326,,170,,1,0,93,,30,,1,2,3,2,1,2,0,0,0,0,20150,2,2,0,4,,6,600,25-450,113,105,1,5,4
2011-067,6/18/12,1,567 U.S. 142,132 S. Ct. 2156,2011,1704,11-204,"MICHAEL SHANE CHRISTOPHER, et al., PETITIONERS v. SMITHKLINE BEECHAM CORPORATION DBA GLAXOSMITHKLINE",4/16/12,,145,,143,,1,0,45,,29,,0,2,2,1,1,2,0,0,0,0,70040,7,1,0,4,,3,334,NA,112,111,1,5,4
2011-070,6/21/12,1,567 U.S. 298,132 S. Ct. 2277,2011,1704,10-1121,"DIANNE KNOX, et al., PETITIONERS v. SERVICE EMPLOYEES INTERNATIONAL UNION, LOCAL 1000",1/10/12,,8,6,249,,1,0,49,,29,,1,12,4,2,1,4,0,1,0,0,70060,7,1,0,2,,2,200,NA,112,111,1,7,2
2011-075,6/25/12,1,567 U.S. 387,132 S. Ct. 2492,2011,1704,11-182,"ARIZONA, et al., PETITIONERS v. UNITED STATES",4/25/12,,28,4,27,,1,0,45,,29,,1,10,2,2,1,7,0,0,0,0,100030,10,2,0,1,,1,148,NA,106,111,1,5,3
2011-077,6/28/12,1,567 U.S. 519,132 S. Ct. 2566,2011,1704,11-393,"NATIONAL FEDERATION OF INDEPENDENT BUSINESS, et al., PETITIONERS v. KATHLEEN SEBELIUS, SECRETARY OF HEALTH AND HUMAN SERVICES, et al.",3/26/12,,207,,363,,1,0,57,,31,,0,2,2,1,1,6,0,0,0,0,100120,10,2,0,1,4,1,110,NA,111,111,1,5,4
2012-003,11/26/12,2,568 U.S. 17,133 S. Ct. 500,2012,1704,11-1377,"NITRO-LIFT TECHNOLOGIES, L.L.C. v. EDDIE LEE HOWARD et al.",,,151,,145,,1,0,302,42,300,42,0,12,3,2,1,5,0,1,0,0,70010,7,1,0,4,4,3,388,NA,,111,1,9,0
2012-004,11/13/12,1,568 U.S. 6,133 S. Ct. 12,2012,1704,11-192,"UNITED STATES, PETITIONER v. JAMES X. BORMES",10/2/12,,27,,111,,1,0,66,,8,,0,12,5,2,1,5,0,1,0,0,50010,5,1,0,4,,6,600,15-1681b,105,111,1,9,0
2012-005,12/10/12,1,568 U.S. 41,133 S. Ct. 596,2012,1704,11-184,"CAROLYN M. KLOECKNER, PETITIONER v. HILDA L. SOLIS, SECRETARY OF LABOR",10/2/12,,13,30,371,,1,0,86,,28,,0,12,2,1,1,4,0,1,0,0,20400,2,2,0,5,4,6,600,5-1101,114,111,1,9,0
2012-007,1/9/13,1,568 U.S. 85,133 S. Ct. 721,2012,1704,11-982,"ALREADY, LLC, DBA YUMS, PETITIONER v. NIKE, INC.",11/7/12,,184,,184,,1,0,96,,22,,0,12,2,1,1,2,0,0,0,0,80200,8,1,0,1,,1,139,NA,111,111,1,9,0
2012-008,1/8/13,1,568 U.S. 78,133 S. Ct. 710,2012,1704,11-460,"LOS ANGELES COUNTY FLOOD CONTROL DISTRICT PETITIONER v. NATURAL RESOURCES DEFENSE COUNCIL, INC., et al.",12/4/12,,5,6,150,,1,0,48,,29,,0,11,7,2,1,4,0,1,0,0,80130,8,1,0,4,,3,338,NA,109,111,1,9,0
2012-012,2/19/13,1,568 U.S. 165,133 S. Ct. 1017,2012,1704,11-1347,"JEFFREY LEE CHAFIN, PETITIONER v. LYNNE HALES CHAFIN",12/5/12,,129,,188,,1,0,42,,31,,0,12,9,1,1,5,0,1,0,0,20170,2,2,0,4,,5,509,NA,111,111,1,9,0
2012-014,2/19/13,1,568 U.S. 216,133 S. Ct. 1003,2012,1704,11-1160,"FEDERAL TRADE COMMISSION, PETITIONER v. PHOEBE PUTNEY HEALTH SYSTEM, INC., et al.",11/26/12,,357,,167,,1,0,59,,31,,0,11,2,1,1,4,0,1,0,0,80010,8,2,0,4,,3,310,NA,113,111,1,9,0
2012-020,2/26/13,1,568 U.S. 371,133 S. Ct. 1166,2012,1704,11-1175,"OLIVEA MARX, PETITIONER v. GENERAL REVENUE CORPORATION",11/7/12,,134,,122,,1,0,52,,30,,1,2,2,1,1,2,0,0,0,0,80170,8,1,0,4,5,6,600,15-1692,108,111,1,7,2
2012-022,2/27/13,1,568 U.S. 442,133 S. Ct. 1216,2012,1704,11-1274,"MARC J. GABELLI AND BRUCE ALPERT, PETITIONERS v. SECURITIES AND EXCHANGE COMMISSION",1/8/13,,119,,405,,1,0,96,,22,,0,12,3,1,1,4,0,1,0,0,80120,8,2,0,4,,6,600,15-80b,111,111,1,9,0
2012-023,2/27/13,1,568 U.S. 455,133 S. Ct. 1184,2012,1704,11-1085,"AMGEN INC., et al., PETITIONERS v. CONNECTICUT RETIREMENT PLANS AND TRUST FUNDS",11/5/12,,194,,171,,1,0,51,,29,,0,2,2,2,1,2,0,0,0,0,80120,8,2,0,4,5,3,365,NA,109,111,1,6,3
2012-024,3/4/13,1,568 U.S. 503,133 S. Ct. 1224,2012,1704,11-1351,"STEVEN ALAN LEVIN, PETITIONER v. UNITED STATES et al.",1/15/13,,204,,27,,1,0,62,,29,,0,2,2,1,1,4,0,1,0,0,80060,8,1,0,4,,3,374,NA,109,111,1,9,0
2012-025,3/19/13,1,568 U.S. 519,133 S. Ct. 1351,2012,1704,11-697,"SUPAP KIRTSAENG, DBA BLUECHRISTINE99, PETITIONER v. JOHN WILEY & SONS, INC.",10/29/12,,117,,220,,1,0,96,,22,,1,2,2,1,1,4,0,1,0,0,80190,8,2,0,4,,6,600,17-106,110,111,1,6,3
2012-027,3/20/13,1,568 U.S. 597,133 S. Ct. 1326,2012,1704,11-338,"DOUG DECKER, IN HIS OFFICIAL CAPACITY AS OREGON STATE FORESTER, et al., PETITIONERS v. NORTHWEST ENVIRONMENTAL DEFENSE CENTER;",12/3/12,,8,43,150,,1,0,108,,29,,0,12,3,1,1,4,0,1,0,0,80130,8,2,0,4,5,3,338,NA,106,111,1,7,1
2012-028,3/20/13,1,568 U.S. 627,133 S. Ct. 1391,2012,1704,Dec-98,"ALDONA WOS, SECRETARY, NORTH CAROLINA DEPARTMENT OF HEALTH AND HUMAN SERVICES, PETITIONER v. E. M. A., A MINOR, BY AND THROUGH HER GUARDIAN AD LITEM, DANIEL H. JOHNSON, et al.",1/8/13,,19,38,229,,1,0,100,,24,,0,5,5,1,1,2,0,0,0,0,100030,10,2,0,4,,3,308,NA,106,106,1,6,3
2012-029,2/20/13,1,568 U.S. 251,133 S. Ct. 1059,2012,1704,11-1118,"JERRY W. GUNN, et al., PETITIONERS v. VERNON F. MINTON",1/16/13,,111,,172,,1,0,302,51,300,51,1,12,2,2,1,4,0,1,0,0,100030,10,1,0,4,,6,600,35-102,111,111,1,9,0
2012-032,3/27/13,1,569 U.S. 50,133 S. Ct. 1441,2012,1704,11-10362,"KIM MILLBROOK, PETITIONER v. UNITED STATES",2/19/13,,215,,27,,1,0,110,,23,,0,2,2,1,1,4,0,1,0,0,80060,8,1,0,4,,3,374,NA,108,111,1,9,0
2012-033,4/1/13,2,569 U.S. 58,133 S. Ct. 1446,2012,1704,12-382,"JOHN MARSHALL, WARDEN v. OTIS LEE RODGERS",,,19,6,126,,1,0,48,,29,,0,12,4,2,1,4,0,1,0,0,20320,2,1,0,2,,2,214,NA,,111,1,9,0
2012-034,4/16/13,1,569 U.S. 66,133 S. Ct. 1523,2012,1704,11-1059,"GENESIS HEALTHCARE CORPORATION, et al., PETITIONERS v. LAURA SYMCZYK",12/3/12,,151,,154,,1,0,109,,23,,0,2,4,2,1,3,0,1,0,0,70040,7,1,0,4,,3,334,NA,108,111,1,5,4
2012-035,4/16/13,1,569 U.S. 88,133 S. Ct. 1537,2012,1704,11-1285,"US AIRWAYS, INC., IN ITS CAPACITY AS FIDUCIARY AND PLAN ADMINISTRATOR OF THE US AIRWAYS, INC. EMPLOYEE BENEFITS PLAN, PETITIONER v. JAMES E. MCCUTCHEN et al.",11/27/12,,104,,145,,1,0,111,,23,,0,2,5,2,1,5,0,0,0,0,80090,8,1,0,4,,3,323,NA,114,106,1,5,4
2012-038,4/23/13,1,569 U.S. 184,133 S. Ct. 1678,2012,1704,11-702,"ADRIAN MONCRIEFFE, PETITIONER v. ERIC H. HOLDER, JR., ATTORNEY GENERAL",10/10/12,,106,,327,,1,0,25,,25,,1,2,9,1,1,4,0,1,0,0,20110,2,2,0,4,,3,344,NA,113,111,1,7,2
2012-039,4/29/13,1,569 U.S. 221,133 S. Ct. 1709,2012,1704,17-Dec,"MARK J. MCBURNEY, et al., PETITIONERS v. NATHANIEL L. YOUNG, DEPUTY COMMISSIONER AND DIRECTOR, VIRGINIA DIVISION OF CHILD SUPPORT ENFORCEMENT, et al.",2/20/13,,214,,7,55,1,0,126,,24,,1,2,2,1,1,2,0,0,0,0,50040,5,1,0,4,,3,335,NA,112,111,1,9,0
2012-041,5/13/13,1,569 U.S. 251,133 S. Ct. 1769,2012,1704,Dec-52,"DAN’S CITY USED CARS, INC., DBA DAN’S CITY AUTO BODY, PETITIONER v. ROBERT PELKEY",3/20/13,,125,,195,,1,0,302,34,300,34,0,6,3,2,1,2,0,0,0,0,100020,10,2,0,4,,6,600,49-1450 (c) (1),109,111,1,9,0
2012-042,5/13/13,1,569 U.S. 267,133 S. Ct. 1754,2012,1704,11-1518,"RANDY CURTIS BULLOCK, PETITIONER v. BANKCHAMPAIGN, N. A.",3/18/13,,138,,135,,1,0,42,,31,,0,12,2,1,1,5,0,1,0,0,80030,8,2,0,4,,3,307,NA,110,111,1,9,0
2012-043,5/13/13,1,569 U.S. 278,133 S. Ct. 1761,2012,1704,11-796,"VERNON HUGH BOWMAN, PETITIONER v. MONSANTO COMPANY et al.",2/19/13,,152,,128,,1,0,69,,8,,0,10,1,2,1,2,0,0,0,0,80180,8,1,0,4,,6,600,35-154,114,111,1,9,0
2012-049,5/28/13,1,569 U.S. 413,133 S. Ct. 1911,2012,1704,11-10189,"CARLOS TREVINO, PETITIONER v. RICK THALER, DIRECTOR, TEXAS DEPARTMENT OF CRIMINAL JUSTICE, CORRECTIONAL INSTITUTIONS DIVISION",2/25/13,,19,51,126,,1,0,122,,25,,0,12,12,2,1,5,0,1,0,0,20330,2,2,0,5,,3,341,NA,110,106,1,5,4
2012-051,6/3/13,1,569 U.S. 483,133 S. Ct. 1943,2012,1704,11-1221,"JACQUELINE HILLMAN, PETITIONER v. JUDY A. MARETTA",4/22/13,,253,,236,,1,0,302,55,300,55,0,6,2,2,1,2,0,0,0,0,100030,10,2,0,5,5,6,600,feglia 8705 (e);  5 usc 8705 (e),113,111,1,9,0
2012-055,6/10/13,1,569 U.S. 564,133 S. Ct. 2064,2012,1704,12-135,"OXFORD HEALTH PLANS LLC, PETITIONER v. JOHN IVAN SUTTER",3/25/13,,165,,206,,1,0,92,,23,,0,12,2,1,1,2,0,0,0,0,80160,8,1,0,4,,6,600,1-Sep,114,111,1,9,0
2012-056,6/13/13,1,569 U.S. 641,133 S. Ct. 2096,2012,1704,11-798,"AMERICAN TRUCKING ASSOCIATIONS, INC., PETITIONER v. CITY OF LOS ANGELES, CALIFORNIA, et al.",4/16/13,,245,,3,6,1,0,48,,29,,0,11,2,3,1,4,0,1,0,0,100030,10,2,0,4,,6,600,49-14501,114,111,1,9,0
2012-057,6/13/13,1,569 U.S. 614,133 S. Ct. 2120,2012,1704,11-889,"TARRANT REGIONAL WATER DISTRICT, PETITIONER v. RUDOLF JOHN HERRMANN, et al.",4/23/13,,4,51,15,,1,0,107,,30,,0,12,2,1,1,2,0,0,0,0,100030,10,2,0,4,,5,510,NA,113,111,1,9,0
2012-064,6/17/13,1,570 U.S. 1,133 S. Ct. 2247,2012,1704,Dec-71,"ARIZONA, et al., PETITIONERS v. THE INTER TRIBAL COUNCIL OF ARIZONA, INC., et al.",3/18/13,,28,4,170,,1,0,45,,29,,0,12,1,2,1,2,0,0,0,0,20010,2,2,0,4,,6,600,42-1973,105,111,1,7,2
2012-066,6/20/13,1,570 U.S. 228,133 S. Ct. 2304,2012,1704,12-133,"AMERICAN EXPRESS COMPANY, et al., PETITIONERS v. ITALIAN COLORS RESTAURANT, et al.",2/27/13,,135,,228,,1,0,96,,22,,0,11,4,2,1,3,0,1,0,0,80160,8,1,0,4,7,6,600,1-Sep,105,111,1,5,3
2012-068,6/24/13,1,570 U.S. 297,133 S. Ct. 2411,2012,1704,11-345,"ABIGAIL NOEL FISHER, PETITIONER v. UNIVERSITY OF TEXAS AT AUSTIN et al.",10/10/12,,239,,26,51,1,0,122,,25,,1,12,2,2,1,5,0,1,0,0,20070,2,1,0,2,,2,231,NA,106,111,1,7,1
2012-069,6/24/13,1,570 U.S. 472,133 S. Ct. 2466,2012,1704,12-142,"MUTUAL PHARMACEUTICAL COMPANY, INC., PETITIONER v. KAREN L. BARTLETT",3/19/13,,143,,204,,1,0,91,,21,,1,12,2,2,1,3,0,1,0,0,100030,10,2,0,4,,3,332,NA,112,111,1,5,4
2012-070,6/24/13,1,570 U.S. 421,133 S. Ct. 2434,2012,1704,11-556,"MAETTA VANCE, PETITIONER v. BALL STATE UNIVERSITY",11/26/12,,11,18,26,18,1,0,69,,27,,0,2,2,1,1,2,0,0,0,0,20400,2,1,0,3,5,3,384,NA,112,111,1,5,4
2012-072,6/24/13,1,570 U.S. 338,133 S. Ct. 2517,2012,1704,12-484,"UNIVERSITY OF TEXAS SOUTHWESTERN MEDICAL CENTER, PETITIONER v. NAIEL NASSAR",4/24/13,,167,,206,,1,0,120,,25,,1,11,6,2,1,5,0,1,0,0,20400,2,1,0,4,5,3,384,NA,106,111,1,5,4
2012-073,6/25/13,1,570 U.S. 529,133 S. Ct. 2612,2012,1704,Dec-96,SHELBY COUNTY v. HOLDER,2/27/13,,5,1,327,,1,0,55,,32,,1,12,2,2,2,3,0,1,0,0,20020,2,1,0,4,2,3,378,NA,111,111,1,5,4
2012-075,6/25/13,1,570 U.S. 637,133 S. Ct. 2552,2012,1704,12-399,ADOPTIVE COUPLE v. BABY GIRL,4/16/13,,202,,129,,1,0,302,48,300,48,0,12,2,2,1,4,0,1,0,0,20150,2,1,0,4,,6,600,25-1912 (f),112,111,1,5,4
2012-076,6/24/13,2,570 U.S. 521,133 S. Ct. 2548,2012,1704,12-1084,RYAN v. SCHAD,,,4,4,126,,1,0,45,,29,,1,12,5,1,1,5,0,0,0,0,20330,2,2,0,4,5,4,400,NA,,111,1,9,0
2013-001,10/15/13,6,571 U.S. 1,134 S. Ct. 2,2013,1704,12-872,MADIGAN v. LEVIN,10/7/13,,19,17,13,17,1,0,66,,27,,0,12,2,2,1,9,0,0,0,0,20060,2,2,0,3,,3,302,NA,,111,1,9,0
2013-008,12/10/13,6,571 U.S. 83,134 S. Ct. 594,2013,1704,Dec-99,UNITE HERE LOCAL 355 v. MULHALL,11/13/13,,249,,145,,1,0,58,,31,,0,2,9,1,1,9,0,0,0,0,70070,7,1,0,3,,3,349,NA,,111,1,6,3
2013-010,12/16/13,1,571 U.S. 99,134 S. Ct. 604,2013,1704,12-729,HEIMESHOFF v. HARTFORD LIFE & ACCIDENT INS. CO.,10/15/13,,145,,171,,1,0,53,,22,,0,2,2,1,1,2,0,0,0,0,80090,8,1,0,4,,3,323,NA,108,111,1,9,0
2013-014,1/22/14,1,571 U.S. 191,134 S. Ct. 843,2013,1704,12-1128,"MEDTRONIC, INC. v. MIROWSKI FAMILY VENTURES, LLC",11/5/13,,180,,172,,1,0,54,,8,,0,11,3,2,1,4,0,1,0,0,80180,8,2,0,7,,9,900,NA,110,111,1,9,0
2013-016,1/27/14,1,571 U.S. 220,134 S. Ct. 870,2013,1704,12-417,SANDIFER v. UNITED STATES STEEL CORP.,11/4/13,,145,,187,,1,0,68,,27,,0,12,2,1,1,2,0,0,0,0,70040,7,1,0,4,,3,334,NA,105,111,1,9,0
2013-018,2/24/14,2,571 U.S. 263,134 S. Ct. 1081,2013,1704,13-6440,HINTON v. ALABAMA,,,137,,28,1,1,0,302,1,300,1,1,12,2,1,1,5,0,1,0,0,20350,2,2,0,2,7,2,214,NA,,111,1,9,0
2013-022,2/26/14,1,571 U.S. 377,134 S. Ct. 1058,2013,1704,Dec-79,CHADBOURNE & PARKE LLP v. TROICE,10/7/13,,111,,173,,1,0,120,,25,,0,12,2,2,1,2,0,0,0,0,80120,8,2,0,4,,6,600,15-78bb,110,111,1,7,2
2013-024,3/4/14,1,571 U.S. 429,134 S. Ct. 1158,2013,1704,3-Dec,LAWSON v. FMR LLC,11/12/13,,145,,151,,1,0,80,,21,,1,11,3,1,1,4,0,1,0,0,50040,5,2,0,4,,6,600,18-1514A,109,111,1,6,3
2013-025,3/4/14,1,571 U.S. 415,134 S. Ct. 1188,2013,1704,Dec-96,LAW v. SIEGEL,1/13/14,,138,,135,,1,0,48,,29,,0,12,2,1,1,4,0,1,0,0,80030,8,2,0,4,,3,307,NA,105,111,1,9,0
2013-026,3/5/14,1,572 U.S. 1,134 S. Ct. 1224,2013,1704,12-820,LOZANO v. MONTOYA ALVAREZ,12/11/13,,153,,188,,1,0,96,,22,,0,11,2,2,1,2,0,0,0,0,20170,2,2,0,4,,5,509,NA,108,111,1,9,0
2013-027,3/5/14,1,572 U.S. 25,134 S. Ct. 1198,2013,1704,12-138,BG GROUP PLC v. REPUBLIC OF ARGENTINA,12/2/13,,173,,24,,1,0,55,,32,,0,10,3,2,1,3,0,1,0,0,80160,8,1,0,4,,5,509,NA,110,105,1,7,2
2013-034,4/2/14,1,572 U.S. 273,134 S. Ct. 1422,2013,1704,12-462,"NORTHWEST, INC. v. GINSBERG",12/3/13,,104,,130,,1,0,51,,29,,0,12,4,1,1,4,0,1,0,0,100020,10,2,0,4,,6,600,49-41713,112,111,1,9,0
2013-035,4/22/14,1,572 U.S. 291,134 S. Ct. 1623,2013,1704,12-682,SCHUETTE v. COALITION TO DEFEND AFFIRMATIVE ACTION,10/15/13,,19,27,223,,1,0,81,,26,,1,12,3,2,1,3,0,1,0,0,20070,2,1,0,2,,2,231,NA,106,111,1,6,2
2013-038,4/23/14,1,572 U.S. 434,134 S. Ct. 1710,2013,1704,Dec-61,PAROLINE v. UNITED STATES,1/22/14,,126,,27,,1,0,119,,25,,0,2,5,2,1,5,0,1,0,0,80080,8,1,0,4,,6,600,18-2259,106,106,1,5,4
2013-039,4/29/14,1,572 U.S. 489,134 S. Ct. 1584,2013,1704,12-1182,EPA v. EME HOMER CITY GENERATION,12/10/13,,333,,150,,1,0,32,,32,,1,11,8,1,1,4,0,1,0,0,80130,8,2,0,4,,3,304,NA,109,111,1,6,2
2013-044,5/5/14,2,572 U.S. 650,134 S. Ct. 1861,2013,1704,13-551,TOLAN v. COTTON,,,208,,19,51,1,0,121,,25,,1,12,2,1,1,5,0,1,0,0,20400,2,2,0,2,4,3,314,NA,,111,1,9,0
2013-045,5/19/14,1,572 U.S. 663,134 S. Ct. 1962,2013,1704,12-1315,"PETRELLA v. METRO-GOLDWYN-MAYER, INC.",1/21/14,,172,,156,,1,0,48,,29,,0,2,2,2,1,4,0,1,0,0,80190,8,2,0,4,,6,600,17-507,109,105,1,6,3
2013-048,5/27/14,1,572 U.S. 782,134 S. Ct. 2024,2013,1704,12-515,MICHIGAN v. BAY MILLS INDIAN COMMUNITY,12/2/13,,26,27,170,,1,0,82,,26,,0,11,4,2,1,2,0,0,0,0,20160,2,2,0,4,,6,600,25-2701,114,111,1,5,4
2013-049,5/27/14,1,572 U.S. 765,134 S. Ct. 2012,2013,1704,12-1117,PLUMHOFF v. RICKARD,3/4/14,,8,50,129,,1,0,118,,26,,0,12,2,2,1,4,0,1,0,0,20400,2,1,0,4,7,6,600,28-1291,112,111,1,9,0
2013-051,6/2/14,1,572 U.S. 915,134 S. Ct. 2111,2013,1704,12-786,"LIMELIGHT NETWORKS, INC. v. AKAMAI TECHNOLOGIES, INC.",4/30/14,,172,,172,,1,0,80,,8,,1,12,4,1,1,4,0,1,0,0,80180,8,2,0,4,,6,600,35-271,112,111,1,9,0
2013-052,6/2/14,1,572 U.S. 898,134 S. Ct. 2120,2013,1704,13-369,"NAUTILUS, INC. v. BIOSIG INSTRUMENTS, INC",4/28/14,,172,,172,,1,0,96,,8,,0,12,4,1,1,5,0,1,0,0,80180,8,2,0,4,,6,600,35-112,109,111,1,9,0
2013-054,6/9/14,1,573 U.S. 1,134 S. Ct. 2175,2013,1704,13-339,CTS CORP. v. WALDBURGER,4/23/14,,128,,195,,1,0,100,,24,,1,5,3,2,1,3,0,1,0,0,100030,10,2,0,4,7,6,600,42-9658,106,111,1,7,2
2013-055,6/9/14,1,573 U.S. 25,134 S. Ct. 2165,2013,1704,12-1200,EXECUTIVE BENEFITS INS. AGENCY v. ARKISON,1/14/14,,171,,102,,1,0,129,,29,,0,12,2,2,1,2,0,0,0,0,80030,8,2,0,7,1,1,136,NA,108,111,1,9,0
2013-056,6/9/14,7,573 U.S. 41,134 S. Ct. 2191,2013,1704,12-930,SCIALABBA v. CUELLAR DE OSORIO,12/10/13,,19,60,106,,1,0,48,,29,,1,2,3,2,1,4,0,1,0,0,20260,2,1,0,5,4,6,600,Child Status Protection Act  116 STAT 927,114,111,1,5,4
2013-057,6/12/14,1,573 U.S. 102,134 S. Ct. 2228,2013,1704,12-761,POM WONDERFUL LLC v. COCA-COLA CO.,4/21/14,,105,,233,,1,0,48,,29,,0,11,2,1,1,4,0,1,0,0,80170,8,2,0,4,,3,332,NA,106,111,1,8,0
2013-058,6/12/14,1,573 U.S. 122,134 S. Ct. 2242,2013,1704,13-299,CLARK v. RAMEKER,3/24/14,,138,,102,,1,0,133,,27,,0,2,3,1,1,2,0,0,0,0,20010,2,1,0,4,,6,600,11-522,113,111,1,9,0
2013-059,6/16/14,1,573 U.S. 134,134 S. Ct. 2250,2013,1704,12-842,"REPUBLIC OF ARGENTINA v. NML CAPITAL, LTD.",4/21/14,,600,,173,,1,0,96,,22,,0,12,2,1,1,2,0,0,0,0,50040,5,2,0,4,,6,600,28-1330,105,111,1,7,1
2013-062,6/23/14,1,573 U.S. 258,134 S. Ct. 2259,2013,1704,13-317,"HALLIBURTON CO. v. ERICA P. JOHN FUND, INC.",3/5/14,,198,,173,,1,0,120,,25,,0,2,2,2,1,5,0,1,0,0,80120,8,1,0,4,7,3,365,NA,111,111,1,9,0
2013-063,6/23/14,7,573 U.S. 302,134 S. Ct. 2427,2013,1704,12-1146,UTIL. AIR REGULATORY GROUP v. EPA,2/24/14,,216,,333,,1,0,32,,32,,1,11,9,1,1,6,0,0,0,0,80130,8,2,0,4,,3,304,NA,105,111,1,7,2
2013-066,6/25/14,1,573 U.S. 409,134 S. Ct. 2459,2013,1704,12-751,FIFTH THIRD BANCORP v. DUDENHOEFFER,4/2/14,,113,,145,,1,0,104,,26,,0,7,3,2,1,5,0,1,0,0,80090,8,1,0,4,,3,323,NA,110,111,1,9,0
2013-067,6/25/14,1,573 U.S. 431,134 S. Ct. 2498,2013,1704,13-461,"AMERICAN BROADCASTING COS. v. AEREO, INC.",4/22/14,,191,,124,,1,0,96,,22,,1,12,2,2,1,4,0,1,0,0,80200,8,1,0,4,,6,600,17-106,110,111,1,6,3
2013-068,6/26/14,1,573 U.S. 464,134 S. Ct. 2518,2013,1704,12-1168,MCCULLEN v. COAKLEY,1/15/14,,218,,19,26,1,0,80,,21,,0,11,2,2,3,4,0,1,0,0,50020,5,1,0,2,,2,200,NA,111,111,1,9,0
2013-071,6/30/14,1,573 U.S. 616,134 S. Ct. 2618,2013,1704,11-681,HARRIS v. QUINN,1/21/14,,9,17,19,17,1,0,68,,27,,0,10,2,1,3,7,0,1,0,0,70130,7,1,0,2,7,2,200,NA,112,111,1,5,4
2013-074,6/19/14,1,573 U.S. 208,134 S. Ct. 2347,2013,1704,13-298,ALICE CORP. PTY. LTD. v. CLS BANK INT'L,3/31/14,,172,,113,,1,0,55,,8,,1,2,3,2,1,2,0,0,0,0,80210,8,2,0,4,,6,600,35-101,108,111,1,9,0
2014-005,12/9/14,1,574 U.S. 27,135 S. Ct. 513,2014,1704,13-433,"INTEGRITY STAFFING SOLUTIONS, INC. v. BUSK",10/8/14,,151,,145,,1,0,90,,29,,0,12,3,2,1,3,0,1,0,0,70040,7,1,0,4,,3,334,NA,108,111,1,9,0
2014-008,2/25/15,1,574 U.S. 494,135 S. Ct. 1101,2014,1704,13-534,NC BD. OF DENTAL EXAMINERS v. FTC,10/14/14,,4,38,357,,1,0,24,,24,,0,12,2,2,1,2,0,0,0,0,80010,8,2,0,4,7,3,367,NA,106,111,1,6,3
2014-009,1/20/15,1,574 U.S. 318,135 S. Ct. 45,2014,1704,13-854,"TEVA PHARMS. USA, INC. v. SANDOZ, INC.",10/15/14,,172,,143,,1,0,96,,8,,0,10,3,2,1,5,0,1,0,0,80180,8,1,0,7,4,4,400,NA,110,111,1,7,2
2014-012,3/24/15,1,575 U.S. 175,135 S. Ct. 1318,2014,1704,13-435,"OMNICARE, INC. v. LABORERS DIST. COUNCIL CONSTR. INDUS. PENSION FUND",11/3/14,,144,,146,,1,0,73,,26,,0,11,3,2,1,5,0,1,0,0,80120,8,1,0,4,,3,365,NA,114,111,1,9,0
2014-014,1/13/15,1,574 U.S. 259,135 S. Ct. 790,2014,1704,13-684,"JESINOSKI v. COUNTRYWIDE HOME LOANS, INC.",11/4/14,,138,,113,,1,0,83,,28,,0,12,2,1,1,4,0,1,0,0,80170,8,2,,4,,3,373,NA,105,111,1,9,0
2014-017,3/25/15,1,575 U.S. 254,135 S. Ct. 1257,2014,1704,13-895,ALA. LEGISLATIVE BLACK CAUCUS v. ALABAMA,11/12/14,,19,1,28,1,2,1,41,,41,,1,1,,1,1,5,0,1,0,0,20090,2,2,0,1,,2,231,NA,110,106,1,5,4
2014-018,1/26/15,1,574 U.S. 427,135 S. Ct. 926,2014,1704,13-1010,"M&G POLYMERS USA, LLC v. TACKETT",11/10/14,,151,,230,,1,0,104,,26,,0,12,2,2,1,5,0,1,0,0,80090,8,1,0,4,,3,323,NA,108,111,1,9,0
2014-019,3/4/15,1,575 U.S. 21,135 S. Ct. 1136,2014,1704,13-553,"ALA. DEP'T OF REVENUE v. CSX TRANSP., INC.",12/9/14,,7,1,231,,1,0,42,,31,,0,11,4,1,1,4,0,1,0,0,80100,8,2,1,4,,6,600,treatment “discriminates against a rail carrier” in violation of the Railroad Revitalization and Reg,105,111,1,7,2
2014-021,5/18/15,1,575 U.S. 542,135 S. Ct. 1787,2014,1704,13-485,COMPTROLLER OF THE TREASURY v. WYNNE,11/12/14,,19,25,240,,1,0,302,25,300,25,1,12,2,1,3,2,0,0,0,0,80100,8,1,0,2,,1,111,NA,112,111,1,5,4
2014-022,3/9/15,1,575 U.S. 92,135 S. Ct. 1199,2014,1704,13-1041,PEREZ v. MORTGAGE BANKERS ASS'N,12/1/14,,371,,113,,1,0,55,,32,,0,12,3,2,1,3,0,1,0,0,70040,7,2,0,4,7,3,334,NA,113,111,1,9,0
2014-025,3/24/15,1,575 U.S. 138,135 S. Ct. 1293,2014,1704,13-352,"B&B HARDWARE, INC. v. HARGIS INDUS., INC.",12/2/14,,184,,184,,1,0,46,,28,,1,12,2,2,1,4,0,1,0,0,80200,8,1,0,4,,6,600,Lanham Act,112,111,1,7,2
2014-027,3/25/15,1,575 U.S. 206,135 S. Ct. 1338,2014,1704,12-1226,YOUNG v. UPS,12/3/14,,154,,234,,1,0,79,,24,,0,7,2,1,1,5,0,1,0,0,20140,2,2,0,4,,3,384,NA,110,111,1,6,3
2014-028,1/21/15,1,574 U.S. 418,135 S. Ct. 907,2014,1704,13-1211,"HANA FINANCIAL, INC. v. HANA BANK",12/3/14,,172,,172,,1,0,48,,29,,0,2,2,2,1,2,0,0,0,0,80200,8,2,0,7,,9,900,NA,113,111,1,9,0
2014-029,3/3/15,1,575 U.S. 1,135 S. Ct. 1124,2014,1704,13-1032,DIRECT MKTG. ASS'N v. BROHL,12/8/14,,233,,7,7,1,0,52,,30,,0,12,3,2,1,4,0,1,0,0,80100,8,1,0,4,,6,600,Tax Injunction Act,108,111,1,9,0
2014-030,3/9/15,1,575 U.S. 43,135 S. Ct. 1225,2014,1704,13-1080,DOT v. ASS'N OF AM. R.R.,12/8/14,,329,,231,,1,0,55,,32,,0,12,3,1,1,5,0,1,0,0,80220,8,2,0,4,,6,600,"Passenger Rail Investment and Improvement Act, 122 - 4907, sec. 20 (a)",106,111,1,9,0
2014-033,4/22/15,1,575 U.S. 402,135 S. Ct. 1625,2014,1704,13-1074,UNITED STATES v. KWAI FUN WONG,12/10/14,,27,,106,,1,0,108,,29,,1,2,4,1,1,2,0,0,0,0,80060,8,1,0,4,,3,374,NA,114,106,1,5,4
2014-035,5/26/15,1,575 U.S. 650,135 S. Ct. 1970,2014,1704,12-1497,"KELLOGG BROWN & ROOT SERVICES, INC. v. UNITED STATES EX REL. CARTER",1/13/15,,176,,230,,1,0,126,,24,,0,12,3,2,1,7,0,1,0,0,80140,8,1,0,4,,6,600,Wartime Suspension of Limitations Act,112,111,1,9,0
2014-036,6/1/15,1,575 U.S. 798,135 S. Ct. 1980,2014,1704,13-1034,MELLOULI v. LYNCH,1/14/15,,106,,1,,1,0,28,,28,,0,12,9,1,1,3,0,1,0,0,20110,2,2,0,4,,3,344,NA,109,111,1,7,2
2014-040,6/25/15,1,576 U.S. 519,135 S. Ct. 2507,2014,1704,13-1371,"TEXAS DEPARTMENT OF HOUSING AND COMMUNITY AFFAIRS v. INCLUSIVE COMMUNITIES PROJECT, INC.",1/21/15,,7,51,192,,1,0,120,,25,,0,11,4,2,1,2,0,0,0,0,20040,2,2,0,4,,3,342,NA,106,106,1,5,4
2014-042,6/15/15,7,576 U.S. 86,135 S. Ct. 2128,2014,1704,13-1402,KERRY v. DIN,2/23/15,,328,,236,,1,0,50,,29,,1,12,3,2,1,5,0,1,0,0,20310,2,1,0,1,,2,207,NA,105,111,1,5,4
2014-043,5/18/15,1,,135 S. Ct. 1759,2014,1704,13-1333,COLEMAN v. TOLLEFSON,2/23/15,,213,,8,27,1,0,82,,26,,1,2,2,1,1,2,0,0,0,0,20350,2,1,,4,,6,600,28 USC 1915,110,111,1,9,0
2014-045,5/18/15,1,575 U.S. 523,135 S. Ct. 1823,2014,1704,13-550,TIBBLE v. EDISON INTERNATIONAL,2/24/15,,230,,146,,1,0,48,,29,,0,11,2,1,1,5,0,1,0,0,80090,8,2,,4,,3,323,NA,110,111,1,9,0
2014-046,6/1/15,1,575 U.S. 768,135 S. Ct. 2028,2014,1704,14-86,"EQUAL EMPLOYMENT OPPORTUNITY COMMISSION v. ABERCROMBIE & FITCH STORES, INC.",2/25/15,,332,,238,,1,0,106,,30,,0,12,3,1,1,4,0,1,0,0,20060,2,2,0,4,,3,384,NA,105,111,1,8,1
2014-048,6/29/15,1,576 U.S. 787,135 S. Ct. 2652,2014,1704,13-1314,ARIZONA STATE LEGISLATURE v. ARIZONA INDEPENDENT REDISTRICTING COMMISSION,3/2/15,,17,4,4,4,2,1,45,,45,,1,1,2,2,1,2,0,0,0,0,20090,2,2,0,2,4,1,104,NA,109,106,1,5,4
2014-054,4/21/15,1,575 U.S. 373,135 S. Ct. 1591,2014,1704,13-271,"ONEOK, INC., v. LEARJET, INC.",1/12/15,,209,,123,,1,0,90,,29,,0,9,3,1,1,2,0,0,0,0,100030,10,1,0,4,,3,355,NA,110,106,1,7,2
2014-056,1/14/15,1,574 U.S. 293,135 S. Ct. 808,2014,1704,13-975,"T MOBILE SOUTH, LLC v. CITY OF ROSWELL, GEORGIA.",11/10/14,,205,,3,13,1,0,60,,31,,0,12,3,2,1,4,0,1,0,0,80340,8,1,0,4,,6,600,Telecommunications Act of 1996,113,105,1,6,3
2014-057,1/20/15,2,574 U.S. 373,135 S. Ct. 891,2014,1704,14-6873,CHRISTESON v. ROPER,,,126,,28,30,1,0,86,,28,,0,12,9,1,1,4,0,1,0,0,20330,2,2,0,4,7,6,600,Antiterrorism and Effective Death Penalty Act,,111,1,7,2
2014-059,5/18/15,1,575 U.S. 600,135 S. Ct. 1765,2014,1704,13-1412,"CITY AND COUNTY OF SAN FRANCISCO, CALIFORNIA v. SHEEHAN",3/23/15,,3,6,208,,1,0,50,,29,,1,11,7,2,1,9,0,0,0,0,20210,2,2,0,4,,3,300,NA,112,111,1,8,0
2014-060,6/1/15,1,575 U.S. 790,135 S. Ct. 1995,2014,1704,13-1421,"BANK OF AMERICA, N.A. v. CAULKETT",3/24/15,,113,,138,,1,0,56,,31,,0,12,2,2,1,4,0,1,0,0,80030,8,1,0,4,,3,307,NA,108,111,1,9,0
2014-061,6/29/15,1,576 U.S. 743,135 S. Ct. 2699,2014,1704,14-46,MICHIGAN v. ENVIRONMENTAL PROTECTION AGENCY,3/25/15,,28,27,333,,1,0,32,,32,,1,12,2,2,1,4,0,1,0,0,80130,8,1,0,5,,3,304,NA,105,111,1,5,4
2014-063,5/26/15,1,575 U.S. 632,135 S. Ct. 1920,2014,1704,13-896,"COMMIL USA, LLC v. CISCO SYSTEMS, INC.",3/31/15,,172,,205,,1,0,119,,8,,1,11,7,2,1,5,0,1,0,0,80180,8,1,0,4,,6,600,Patent Act,106,106,1,6,2
2014-064,6/22/15,1,576 U.S. 466,135 S. Ct. 2401,2014,1704,13-720,"KIMBLE v. MARVEL ENTERPRISES, INC.",3/31/15,,172,,184,,1,0,45,,29,,0,10,2,2,1,2,0,0,0,0,80180,8,2,0,3,7,6,600,35 USC 154,114,105,1,6,3
2014-065,5/18/15,1,575 U.S. 510,135 S. Ct. 1829,2014,1704,14-400,HARRIS v. VIEGELAHN,4/1/15,,114,,102,,1,0,122,,25,,0,2,3,1,1,4,0,1,0,0,80030,8,2,,4,,3,307,NA,109,111,1,9,0
2014-068,6/22/15,1,576 U.S. 389,135 S. Ct. 2466,2014,1704,14-6368,KINGSLEY v. HENDRICKSON,4/27/15,,110,,19,58,1,0,133,,27,,1,2,2,1,1,5,0,1,0,0,20400,2,2,0,7,4,3,314,NA,110,106,1,5,4
2014-073,3/30/15,2,575 U.S. 312,135 S. Ct. 1372,2014,1704,14-618,WOODS v. DONALD,,,19,27,215,,1,0,81,,26,,0,12,2,2,1,4,0,1,0,0,20330,2,1,,1,,3,341,NA,,111,1,9,0
2014-075,6/1/15,2,575 U.S. 822,135 S. Ct. 2042,2014,1704,14-939,TAYLOR v. BARKES,,,19,9,110,,1,0,54,,23,,1,12,2,2,1,3,0,1,0,0,20400,2,1,0,7,,3,314,NA,,111,1,9,0
2014-077,11/10/14,2,574 U.S. 13,135 S. Ct. 348,2014,1704,14-212,"JEREMY CARROLL v. ANDREW CARMAN, ET UX",,,8,45,174,,1,0,110,,23,,0,12,6,2,1,4,0,1,0,0,20400,2,1,0,4,,3,314,NA,,111,1,9,0
2015-001,12/1/15,1,,136 S. Ct. 390,2015,1704,13-1067,OBB PERSONENVERKEHR AG v. SACHS,10/5/15,,24,,208,,1,0,50,,29,,1,12,3,2,1,3,0,1,0,0,80060,8,1,0,4,,6,600,Foreign Sovereign Immunities Act,111,111,1,9,0
2015-004,12/14/15,1,,135 S. Ct. 1547,2015,1704,14-462,"DIRECTV, INC. v. IMBURGIA",10/6/15,,124,,134,,1,0,302,6,301,6,0,5,2,2,1,4,0,1,0,0,80160,8,1,0,7,4,3,388,NA,110,111,1,6,3
2015-008,1/25/16,1,,136 S. Ct. 760,2015,1704,14-840,FEDERAL ENERGY REGULATORY COMMISSION v. ELECTRIC POWER SUPPLY ASSOCIATION,10/14/15,,344,,148,,1,0,32,,32,,1,11,8,1,1,4,0,1,0,0,80270,8,2,0,5,4,3,336,NA,114,111,1,6,2
2015-015,1/12/16,1,,135 S. Ct. 2833,2015,1704,14-844,BRUCE v. SAMUELS,11/4/15,,215,,336,,1,0,55,,32,,0,2,12,1,1,2,0,0,0,0,20350,2,1,,4,,6,600,Prison Litigation Reform Act,109,111,1,9,0
2015-016,1/20/16,1,,136 S. Ct. 651,2015,1704,14-723,MONTANILE v. BD. OF NATIONAL ELEVATOR INDUSTRY HEALTH BENEFIT PLAN,11/9/15,,208,,146,,1,0,58,,31,,0,2,2,1,1,4,0,1,0,0,80090,8,2,0,4,,3,323,NA,108,111,1,8,1
2015-017,6/16/16,1,,136 S. Ct. 1969,2015,1705,14-916,"KINGDOMWARE TECHNOLOGIES, INC., v. UNITED STATES",2/22/16,,176,,414,,1,0,3,,8,,1,11,2,2,1,4,0,1,0,0,80060,8,1,0,4,,6,600,38 U.S.C. 8127,108,111,1,8,0
2015-018,3/22/16,1,,136 S. Ct. 1036,2015,1705,14-1146,"TYSON FOODS, INC., v. BOUAPHAKEO",11/10/15,,158,,145,,1,0,70,,28,,1,12,2,2,1,2,0,0,0,0,70040,7,2,0,3,7,4,400,NA,106,111,1,6,2
2015-021,5/23/16,1,,136 S. Ct. 1769,2015,1705,14-613,GREEN v. BRENNAN,11/30/15,,145,,412,,1,0,52,,30,,0,2,2,1,1,5,0,1,0,0,20060,2,2,0,4,,3,384,NA,113,111,1,7,1
2015-023,1/25/16,1,,136 S. Ct. 750,2015,1704,14-510,MENOMINEE INDIAN TRIBE OF WISCONSIN v. UNITED STATES,12/1/15,,170,,27,,1,0,55,,32,,1,2,2,1,1,2,0,0,0,0,20150,2,1,0,4,,6,600,25 USC 450,112,111,1,9,0
2015-024,3/1/16,1,,136 S. Ct. 936,2015,1705,14-181,GOBEILLE v. LIBERTY MUTUAL INSURANCE COMPANY,12/2/15,,4,53,171,,1,0,124,,22,,1,10,3,2,1,2,0,0,0,0,100030,10,2,0,4,,3,323,NA,106,111,1,6,2
2015-025,6/23/16,5,,136 S. Ct. 2159,2015,1705,13-1496,DOLLAR GENERAL CORPORATION v. MISSISSIPPI BAND OF CHOCTAW INDIANS,12/7/15,,238,,175,,1,0,85,,25,,0,12,2,2,1,2,0,0,0,0,20150,2,2,0,3,,9,900,NA,,,1,4,4
2015-026,4/19/16,1,,136 S. Ct. 1277,2015,1705,14-1175,CALIFORNIA FRANCHISE TAX BOARD v. HYATT,12/7/15,,4,6,174,,1,0,302,33,300,33,0,11,7,2,1,5,0,1,0,0,80060,8,1,0,2,3,1,143,NA,110,106,1,6,2
2015-027,4/20/16,1,,136 S. Ct. 1301,2015,1705,14-232,HARRIS v. ARIZONA INDEPENDENT REDISTRICTING COMMISSION,12/8/15,,251,,4,4,2,1,45,,45,,1,1,,2,1,2,0,0,0,0,20010,2,2,,2,4,2,231,NA,110,111,1,8,0
2015-028,4/4/16,1,,136 S. Ct. 1120,2015,1705,14-940,EVENWEL v. ABBOTT,12/8/15,,251,,19,51,2,1,122,,122,,0,1,,2,1,2,0,0,0,0,20010,2,2,0,2,,2,231,NA,109,111,1,8,0
2015-029,6/23/16,1,,136 S. Ct. 2198,2015,1705,14-981,FISHER v. UNIVERSITY OF TEXAS AT AUSTIN,12/9/15,,239,,26,51,1,0,122,,25,,1,12,2,2,1,2,0,0,0,0,20070,2,2,0,2,7,2,231,NA,106,106,1,4,3
2015-030,3/29/16,5,,136 S. Ct. 1083,2015,1705,14-915,FRIEDRICHS v. CALIFORNIA TEACHERS ASSOCIATION,1/11/16,,216,,216,,1,0,48,,29,,0,12,2,2,1,2,0,0,0,0,70030,7,2,0,3,7,2,201,NA,,,1,4,4
2015-033,4/20/16,1,,136 S. Ct. 1310,2015,1705,14-770,BANK MARKAZI v. PETERSON,1/13/16,,600,,208,,1,0,96,,22,,0,11,2,2,1,2,0,0,0,0,80060,8,2,0,1,4,1,138,NA,109,106,1,6,2
2015-037,3/22/16,1,,136 S. Ct. 1072,2015,1705,14-1406,NEBRASKA v. PARKER,1/20/16,,28,32,115,,1,0,89,,28,,0,11,2,2,1,2,0,0,0,0,20160,2,2,0,4,4,6,600,"(Treaty) Act of August 7, 1882",108,111,1,8,0
2015-038,3/22/16,1,,136 S. Ct. 1061,2015,1705,14-1209,STURGEON v. FROST,1/20/16,,214,,326,,1,0,44,,29,,0,12,2,2,1,5,0,1,0,0,80130,8,1,0,4,5,6,600,16 USC 3102,111,111,1,8,0
2015-041,6/13/16,1,,136 S. Ct. 1923,2015,1705,14-1513,HALO ELECTRONICS v. PULSE ELECTRONICS,2/23/16,,133,,133,,1,0,90,,8,,0,12,5,2,1,5,0,1,0,0,80180,8,1,0,4,,6,600,Patent Act,111,111,1,8,0
2015-042,4/19/16,1,,136 S. Ct. 1288,2015,1705,14-614,HUGHES v. PPL ENERGYPLUS,2/24/16,,4,25,148,,1,0,79,,24,,0,12,2,2,1,2,0,0,0,0,100100,10,2,,4,,3,336,NA,109,111,1,8,0
2015-047,5/16/16,1,,136 S. Ct. 1581,2015,1705,15-145,"HUSKY INTERNATIONAL ELECTRONICS, INC., v. RITZ",3/1/16,,135,,138,,1,0,121,,25,,0,12,2,2,1,4,0,1,0,0,80030,8,1,0,4,,3,307,NA,113,111,1,7,1
2015-048,6/27/16,1,,136 S. Ct. 2292,2015,1705,15-274,WHOLE WOMAN'S HEALTH v. HELLERSTEDT,3/2/16,,165,,7,51,1,0,122,,25,,1,11,3,1,3,4,0,1,0,0,50020,5,2,0,2,,2,230,NA,110,106,1,5,3
2015-050,6/20/16,1,,136 S. Ct. 2090,2015,1705,15-138,RJR NABISCO INC. v. EUROPEAN COMMUNITY,3/21/16,,143,,24,,1,0,94,,22,,1,3,3,2,1,4,0,1,0,0,80060,8,1,0,4,,3,362,NA,112,111,1,4,3
2015-051,6/6/16,1,,136 S. Ct. 1843,2015,1705,15-109,SIMMONS v. HIMMELREICH,3/22/16,,8,60,215,,1,0,103,,26,,0,2,5,2,1,2,0,0,0,0,80060,8,2,0,4,,3,374,NA,113,111,1,8,0
2015-053,5/16/16,1,,136 S. Ct. 1594,2015,1705,15-338,SHERIFF v. GILLIE,3/29/16,,111,,138,,1,0,104,,26,,1,12,5,2,1,4,0,1,0,0,20100,2,1,0,4,,6,600,Fair Debt Collection Practices Act,109,111,1,8,0
2015-054,6/6/16,1,,136 S. Ct. 1850,2015,1705,15-339,ROSS v. BLAKE,3/29/16,,215,,19,25,1,0,79,,24,,1,12,3,2,1,5,0,1,0,0,20400,2,1,0,4,,6,600,Prison Litigation Reform Act,114,111,1,8,0
2015-056,5/31/16,1,,136 S. Ct. 1807,2015,1705,15-290,"UNITED STATES ARMY CORP OF ENGINEERS v. HAWKES CO., INC.",3/30/16,,306,,187,,1,0,83,,28,,0,12,4,1,1,2,0,0,0,0,80130,8,1,0,4,7,3,338,NA,111,111,1,8,0
2015-057,1/25/16,2,,136 S. Ct. 758,2015,1704,15-278,"AMGEN INC., et al., PETITIONERS v. STEVE HARRIS, et al.",,,102,,237,,1,0,48,,29,,0,12,3,1,1,4,0,1,0,0,80090,8,2,0,4,7,3,323,NA,,111,1,9,0
2015-059,3/7/16,2,,136 S. Ct. 1017,2015,1705,15-648,VL v. EL,,,253,,253,,1,0,302,1,300,1,0,12,4,1,1,4,0,1,0,0,80110,8,2,0,2,,1,143,NA,,111,1,8,0
2015-062,6/13/16,1,,136 S. Ct. 1938,2015,1705,15-233,PUERTO RICO v. FRANKLIN CALIFORNIA TAX FREE TRUST,3/22/16,,28,46,173,,1,0,112,,21,,0,12,2,1,1,2,0,0,0,0,80030,8,1,0,4,,3,307,NA,108,111,1,5,2
2015-064,5/19/16,1,,136 S. Ct. 1642,2015,1705,14-1375,"CRST VAN EXPEDITED, INC. v. EQUAL EMPLOYMENT OPPORTUNITY COMMISSION",3/28/16,,245,,332,,1,0,70,,28,,0,2,4,2,1,5,0,1,0,0,20060,2,1,,4,,3,384,NA,106,111,1,8,0
2015-065,6/23/16,5,,136 S. Ct. 2271,2015,1705,15-674,UNITED STATES v. TEXAS,4/18/16,,27,,28,51,1,0,121,,25,,0,12,2,1,1,2,0,0,0,0,20260,2,1,0,3,,9,900,NA,,,1,4,4
2015-067,6/16/16,1,,136 S. Ct. 1989,2015,1705,15-7,"UNIVERSAL HEALTH SERVICES, INC. v. ESCOBAR, JULIO, ET AL",4/19/16,,165,,27,,1,0,80,,21,,0,2,5,2,1,5,0,1,0,0,80140,8,1,,4,7,3,325,NA,108,111,1,8,0
2015-069,6/20/16,1,,136 S. Ct. 2117,2015,1705,15-415,"ENCINO MOTORCARS, LLC v. NAVARRO",4/20/16,,125,,145,,1,0,48,,29,,0,2,3,2,1,5,0,1,0,0,70040,7,1,1,4,,3,334,NA,106,111,1,6,2
2015-071,6/20/16,1,,136 S. Ct. 2131,2015,1705,15-446,"CUOZZO SPEED TECHNOLOGIES, LLC v. LEE",4/25/16,,172,,394,,1,0,8,,8,,1,11,2,2,1,2,0,0,0,0,80180,8,2,0,4,,6,600,America Invests Act 35usc314,110,111,1,6,2
2016-001,12/6/16,1,,137 S. Ct. 429,2016,1705,15-777,SAMSUNG ELECTRONICS v. APPLE,10/11/16,,133,,133,,1,0,50,,8,,0,12,2,1,1,4,0,1,0,0,80180,8,2,,4,,6,600,Patent Act,113,111,1,8,0
2016-006,2/22/17,1,,137 S. Ct. 743,2016,1705,15-497,FRY v. NAPOLEON COMMUNITY SCHOOLS,10/31/16,,239,,21,27,1,0,81,,26,,1,7,2,1,1,5,0,1,0,0,20210,2,2,0,4,,6,600,Individuals with Disabilities Education Act,114,111,1,8,0
2016-007,3/22/17,1,,137 S. Ct. 1002,2016,1705,15-866,"STAR ATHLETICA, L.L.C. v. VARSITY BRANDS, INC.",10/31/16,,184,,184,,1,0,118,,26,,1,11,3,1,1,2,0,0,0,0,80190,8,1,0,4,,6,600,Copyright Act,108,111,1,6,2
2016-008,3/22/17,1,,137 S. Ct. 973,2016,1705,15-649,CZYZEWSKI v. JEVIC HOLDING CORP.,12/7/16,,135,,114,,1,0,54,,23,,1,12,2,2,1,4,0,1,0,0,80030,8,1,0,4,,3,307,NA,110,111,1,6,2
2016-009,3/21/17,1,,137 S. Ct. 954,2016,1705,15-927,"SCA HYGIENE PRODS. AKTIEBOLAG v. FIRST QUALITY BABY PRODS., LLC",11/1/16,,172,,172,,1,0,74,,8,,1,12,2,1,1,5,0,1,0,0,80180,8,2,0,4,,6,600,35 USC 286,112,111,1,7,1
2016-015,6/12/17,1,,137 S. Ct. 1678,2016,1706,15-1191,"SESSIONS, ATT'Y GEN. v. MORALES-SANTANA",11/9/16,,327,,106,,1,0,22,,22,,0,2,3,2,2,7,0,1,0,0,20270,2,2,,1,,2,212,NA,109,111,1,8,0
2016-020,12/6/16,1,,137 S. Ct. 436,2016,1705,15-513,"STATE FARM FIRE & CASUALTY CO. v. UNITED STATES, EX REL RIGSBY",11/1/16,,171,,230,,1,0,85,,25,,0,12,2,2,1,2,0,0,0,0,80060,8,2,0,4,,6,600,False Claims Act,106,111,1,8,0
2016-029,3/1/17,1,,137 S. Ct. 788,2016,1705,15-680,BETHUNE-HILL v. VA BD. OF ELECTIONS,12/5/16,,251,,4,55,2,1,126,,126,,1,1,,1,1,7,0,1,0,0,20010,2,2,1,2,,2,231,NA,106,111,1,8,0
2016-030,5/22/17,1,,137 S. Ct. 1455,2016,1706,15-1262,COOPER v. HARRIS,12/5/16,,28,38,251,,2,1,99,,99,,1,1,,2,3,2,0,0,0,0,20090,2,2,,2,3,2,231,NA,114,111,1,8,0
2016-031,2/22/17,1,,137 S. Ct. 734,2016,1705,14-1538,LIFE TECHNOLOGIES CORP. v. PROMEGA CORP.,12/6/16,,184,,172,,1,0,133,,8,,1,12,3,1,1,4,0,1,0,0,80180,8,2,0,4,,6,600,Patent Act,113,106,1,7,0
2016-034,4/25/17,1,,137 S. Ct. 1285,2016,1706,15-1500,LEWIS v. CLARKE,1/9/17,,208,,170,,1,0,302,8,300,8,0,11,3,2,1,4,0,1,0,0,20160,2,1,,2,3,9,900,NA,113,111,1,8,0
2016-037,3/22/17,1,,137 S. Ct. 988,2016,1705,15-827,ENDREW F. v. DOUGLAS CNTY. SCH. DIST. RE-1,1/11/17,,140,,21,7,1,0,52,,30,,0,12,2,1,1,5,0,1,0,0,20210,2,2,,4,,6,600,Individuals with Disabilities Education Act,111,111,1,8,0
2016-039,5/15/17,1,,137 S. Ct. 1407,2016,1706,16-348,MIDLAND FUNDING LLC v. JOHNSON,1/17/17,,135,,114,,1,0,43,,31,,0,2,4,2,1,3,0,1,0,0,20100,2,1,0,4,,6,600,Fair Debt Collection Practices Act,110,111,1,5,3
2016-041,6/19/17,1,,137 S. Ct. 1843,2016,1706,15-1358,ZIGLAR v. ABBASI,1/18/17,,368,,106,,1,0,94,,22,,1,12,3,2,1,3,0,1,0,0,20400,2,1,0,4,,3,314,NA,106,111,1,4,2
2016-045,5/15/17,1,,137 S. Ct. 1421,2016,1706,16-32,KINDRED NURSING CENTERS v. CLARK,2/22/17,,165,,102,,1,0,301,21,300,21,1,12,2,2,1,4,0,1,0,0,80160,8,1,0,4,3,3,388,NA,114,111,1,7,1
2016-047,5/30/17,1,,137 S. Ct. 1562,2016,1706,16-54,ESQUIVEL-QUINTANA v. SESSIONS,2/27/17,,106,,1,,1,0,26,,26,,1,12,9,1,1,3,0,1,0,0,20110,2,2,,4,,3,344,NA,108,111,1,8,0
2016-049,4/18/17,1,,137 S. Ct. 1190,2016,1706,16-149,COVENTRY HEALTH CARE OF MISSOURI v. NEVILS,3/1/17,,171,,145,,1,0,301,30,300,30,0,5,3,1,1,4,0,1,0,0,100030,10,2,,4,3,6,600,Federal Employees Health Benefits Act of 1959,109,111,1,8,0
2016-052,5/15/17,1,,137 S. Ct. 1400,2016,1706,15-1031,HOWELL v. HOWELL,3/20/17,,250,,253,,1,0,302,4,300,4,0,6,2,1,1,4,0,1,0,0,100020,10,2,,4,3,6,600,Uniformed Services Former Spouses' Protection Act 10 U.S.C. 1408,110,111,1,8,0
2016-054,5/30/17,1,,137 S. Ct. 1523,2016,1706,15-1189,IMPRESSION PRODUCTS v. LEXMARK INTERNATIONAL,3/21/17,,184,,172,,1,0,104,,8,,1,11,7,1,1,4,0,1,0,0,80180,8,2,,4,,6,600,"Patent Act, 35 USC 154",111,111,1,8,0
2016-055,5/30/17,1,,137 S. Ct. 1539,2016,1706,16-369,CTY. OF LOS ANGELES v. MENDEZ,3/22/17,,5,6,208,,1,0,48,,29,,0,12,6,2,1,5,0,1,0,0,20400,2,1,,3,,3,314,NA,112,111,1,8,0
2016-057,6/5/17,1,,137 S. Ct. 1652,2016,1706,16-74,ADVOCATE HEALTH CARE NETWORK v. STAPLETON,3/27/17,,167,,145,,1,0,66,,27,,0,10,2,2,1,3,0,1,0,0,80090,8,1,,4,,3,323,NA,114,111,1,8,0
2016-062,6/5/17,1,,137 S. Ct. 1626,2016,1706,16-142,HONEYCUTT v. UNITED STATES,3/29/17,,145,,27,,1,0,116,,26,,0,2,6,2,1,3,0,1,0,0,80070,8,1,,4,,6,600,"Comprehensive Forfeiture Act of 1984, 21 USC 853",113,111,1,8,0
2016-066,6/5/17,1,,137 S. Ct. 1635,2016,1706,16-529,KOKESH v. SEC,4/18/17,,119,,405,,1,0,93,,30,,0,2,2,2,1,3,0,1,0,0,80120,8,1,,4,,3,365,NA,113,111,1,9,0
2016-067,6/12/17,1,,137 S. Ct. 1718,2016,1706,16-349,HENSON v. SANTANDER CONSUMER USA INC.,4/18/17,,138,,135,,1,0,79,,24,,0,2,2,1,1,2,0,0,0,0,80170,8,1,,4,,6,600,"Fair Debt Collection Practices Act, 15 USC 1692",115,111,1,9,0
2016-069,6/22/17,1,,137 S. Ct. 1899,2016,1706,16-240,WEAVER v. MASSACHUSETTS,4/19/17,,126,,28,26,1,0,302,26,300,26,0,5,2,1,1,2,0,0,0,0,20330,2,1,0,3,,2,214,NA,106,111,1,7,2
2016-074,6/12/17,1,,137 S. Ct. 1664,2016,1706,15-1039,SANDOZ INC. v. AMGEN INC.,4/26/17,,143,,172,,1,0,50,,8,,1,12,7,1,1,4,0,1,0,0,80180,8,2,,4,,6,600,"Biologics Price Competition and Innovation Act, 42 USC 262",108,111,1,9,0
2016-075,6/22/17,1,,137 S. Ct. 1918,2016,1706,16-309,MASLENJAK v. UNITED STATES,4/26/17,,106,,27,,1,0,103,,26,,0,2,2,1,1,5,0,1,0,0,20280,2,2,,4,,6,600,18 USC 1425,114,111,1,9,0
2016-078,6/5/17,2,,137 S. Ct. 1624,2016,1706,16-1023,NORTH CAROLINA v. COVINGTON,,,28,38,251,,2,1,99,,99,,0,1,9,2,1,5,0,1,0,0,20090,2,1,,3,,9,900,NA,,111,1,9,0
2017-002,5/21/18,1,,138 S. Ct. 1612,2017,1706,16-285,EPIC SYSTEMS CORP. v. LEWIS,10/2/17,,151,,145,,1,0,133,,27,,0,7,2,2,1,4,0,1,0,0,70010,7,1,0,4,,3,388,NA,115,111,1,5,4
2017-003,2/27/18,1,,138 S. Ct. 830,2017,1706,15-1204,JENNINGS v. RODRIGUEZ,11/30/16,10/3/17,368,,106,,1,0,48,,29,,0,12,2,2,1,4,0,1,0,0,20310,2,1,0,4,,3,344,NA,112,111,1,5,3
2017-006,1/22/18,1,,138 S. Ct. 577,2017,1706,15-1485,DISTRICT OF COLUMBIA v. WESBY,10/4/17,,28,10,110,,1,0,55,,32,,1,11,2,2,1,4,0,1,0,0,80060,8,1,,2,,6,600,42 USCU ss 1983 Civil action for deprivation of rights,108,111,1,9,0
2017-011,3/21/18,1,,138 S. Ct. 1080,2017,1706,16-6795,AYESTAS v. DAVIS,10/30/17,,215,,7,51,1,0,121,,25,,0,11,2,1,1,5,0,1,0,0,20390,2,2,,4,,6,600,18 USC 3599 Code of Criminal Procedure,112,111,1,9,0
2017-013,3/5/18,1,,138 S. Ct. 960,2017,1706,15-1509,U.S. BANK NATIONAL ASSOCIATION v. VILLAGE AT LAKERIDGE,10/31/17,,113,,114,,1,0,20,,29,,1,11,2,2,1,2,0,0,0,0,80030,8,2,,3,,3,307,NA,114,111,1,9,0
2017-016,2/27/18,1,,138 S. Ct. 883,2017,1706,16-784,"MERIT MANAGEMENT GROUP, LP v. FTI CONSULTING, INC",11/6/17,,196,,114,,1,0,66,,27,,0,2,3,2,1,2,0,0,0,0,80030,8,2,,4,,3,307,NA,113,111,1,9,0
2017-018,6/11/18,1,,138 S. Ct. 1833,2017,1706,16-980,HUSTED v. A. PHILIP RANDOLPH INSTITUTE,1/10/18,,7,41,251,,1,0,104,,26,,1,12,3,2,1,3,0,1,0,0,20010,2,1,0,4,,6,600,"National Voter Registration Act ,52 USCS § 20501",112,111,1,5,4
2017-019,3/20/18,1,,138 S. Ct. 1061,2017,1706,15-1439,CYAN v. BEAVER COUNTY EMPLOYEES RETIREMENT FUND,11/28/17,,205,,173,,1,0,302,6,301,6,0,5,9,2,1,2,0,0,0,0,80120,8,2,,4,,3,365,NA,114,111,1,9,0
2017-020,6/4/18,1,,138 S. Ct. 1719,2017,1706,16-111,"MASTERPIECE CAKESHOP, LTD. v. COLORADO CIVIL RIGHTS COMMISSION",12/5/17,,228,,4,7,1,0,301,7,301,7,0,12,2,2,1,3,0,1,0,0,20130,2,1,0,2,,2,202,NA,106,111,1,7,2
2017-022,5/14/18,1,,138 S. Ct. 1461,2017,1706,16-476,MURPHY v. NATIONAL COLLEGIATE ATHLETIC ASSOCIATION,12/4/17,,28,35,216,,1,0,92,,23,,1,10,2,2,2,3,0,1,0,0,100120,10,1,0,1,,6,600,28 USC 3702 Professional and Amateur Sports Protection Act,112,111,1,7,2
2017-023,2/21/18,1,,138 S. Ct. 816,2017,1706,16-534,RUBIN v. ISLAMIC REPUBLIC OF IRAN,12/4/17,,208,,24,,1,0,66,,27,,0,2,2,1,1,2,0,0,0,0,80060,8,1,,4,,6,600,"Foreign Sovereign Immunities Act, 28 USCS ss 1602",113,111,1,8,0
2017-024,4/24/18,1,,138 S. Ct. 1365,2017,1706,16-712,"OIL STATES ENERGY SERVICES, LLC v. GREENE’S ENERGY GROUP, LLC",11/27/17,,198,,198,,1,0,8,,8,,0,11,2,2,1,2,0,0,0,0,80180,8,2,0,1,3,1,138,NA,108,106,1,7,2
2017-025,4/24/18,1,,138 S. Ct. 1348,2017,1706,16-969,SAS INSTITUTE INC. v. IANCU,11/27/17,,172,,394,,1,0,8,,8,,1,11,7,1,1,4,0,1,0,0,80180,8,2,0,4,,6,600,35 USC 311,115,111,1,5,4
2017-028,2/21/18,1,,138 S. Ct. 767,2017,1706,16-1276,DIGITAL REALTY TRUST v. SOMERS,11/28/17,,139,,145,,1,0,50,,29,,1,2,2,2,1,4,0,1,0,0,80120,8,1,,4,,6,600,Dodd-Franks Act,109,111,1,9,0
2017-035,6/22/18,6,,138 S. Ct. 2273,2017,1706,16-1017,COX v. UNITED STATES,1/16/18,,186,,27,,1,0,4,,4,,0,12,9,3,1,9,0,0,0,0,20240,2,3,,,,,,NA,,111,1,9,0
2017-036,6/22/18,6,,138 S. Ct. 2273,2017,1706,16-961,DALMAZZI v. UNITED STATES,1/16/18,,186,,27,,1,0,5,,4,,0,12,9,3,1,9,0,0,0,0,20240,2,3,,,,,,NA,,111,1,9,0
2017-040,4/2/18,1,,138 S. Ct. 1134,2017,1706,16-1362,"ENCINO MOTORCARS, LLC v. NAVARRO",1/17/18,,125,,145,,1,0,48,,29,,0,11,3,2,1,4,0,1,0,0,70040,7,1,0,4,,3,334,NA,108,111,1,5,4
2017-041,6/26/18,1,,138 S. Ct. 2361,2017,1706,16-1140,NATIONAL INSTITUTE OF FAMILY AND LIFE ADVOCATES v. BECERRA,3/20/18,,165,,7,6,1,0,51,,29,,0,13,9,2,3,4,0,1,0,0,50020,5,1,0,2,,2,200,NA,108,111,1,5,4
2017-044,6/25/18,1,,138 S. Ct. 2274,2017,1706,16-1454,OHIO v. AMERICAN EXPRESS CO.,2/26/18,,28,41,135,,1,0,94,,22,,0,12,3,1,1,2,0,0,0,0,80010,8,1,0,4,7,3,367,NA,108,111,1,5,4
2017-045,6/27/18,1,,138 S. Ct. 2448,2017,1706,16-1466,"JANUS v. AMERICAN FEDERATION OF STATE, COUNTY, AND MUNICIPAL EMPLOYEES, COUNCIL 31",2/26/18,,8,17,249,,1,0,66,,27,,0,10,2,2,3,4,0,1,1,0,70030,7,1,0,2,,2,200,NA,112,111,1,5,4
2017-058,6/22/18,1,,138 S. Ct. 2129,2017,1706,16-1011,WESTERNGECO LLC v. ION GEOPHYSICAL CORP.,4/16/18,,122,,122,,1,0,121,,8,,1,12,6,2,1,4,0,1,0,0,80180,8,1,0,4,7,6,600,"Patent Act, 35 USCS 284",108,111,1,7,2
2017-059,6/21/18,1,,138 S. Ct. 2080,2017,1706,17-494,SOUTH DAKOTA v. WAYFAIR,4/17/18,,28,49,233,,1,0,302,49,300,49,0,10,2,1,1,5,0,1,1,0,80100,8,2,0,3,,1,111,NA,106,106,1,5,4
2017-060,6/4/18,1,,138 S. Ct. 1752,2017,1706,16-1215,"LAMAR, ARCHER & COFRIN v. APPLING",4/17/18,,111,,138,,1,0,20,,31,,0,2,3,2,1,2,0,0,0,0,80030,8,2,,4,,3,307,NA,113,111,1,9,0
2017-062,6/11/18,5,,138 S. Ct. 1832,2017,1706,17-269,WASHINGTON v. UNITED STATES,4/18/18,,28,56,27,,1,0,129,,29,,0,12,2,2,1,2,0,0,0,1,20150,2,2,,4,,5,509,NA,,,1,4,4
2017-063,6/11/18,1,,138 S. Ct. 1815,2017,1706,16-1432,SVEEN v. MELIN,3/19/18,,166,,166,,1,0,83,,28,,0,2,3,1,1,4,0,1,0,0,80110,8,2,0,2,,1,128,NA,114,111,1,8,1
2017-064,5/21/18,1,,138 S. Ct. 1649,2017,1706,17-387,UPPER SKAGIT INDIAN TRIBE v. LUNDGREN,3/21/18,,170,,195,,1,0,302,56,300,56,1,8,2,1,1,5,0,1,0,0,20160,2,2,0,7,,9,900,NA,115,111,1,7,2
2017-070,6/21/18,1,,138 S. Ct. 2105,2017,1706,17-459,"PEREIRA v. SESSIONS, ATT'Y GEN.",4/23/18,,106,,327,,1,0,32,,21,,0,3,9,1,1,4,0,1,0,0,20110,2,2,0,4,,6,600,8 USC 1229 Illegal Immigration Reform and Immigrant Responsibility Act of 1996,113,111,1,8,1
2017-072,6/25/18,1,,138 S. Ct. 2305,2017,1706,17-586,ABBOTT v. PEREZ,4/24/18,,19,51,251,,2,1,122,,122,,0,1,,2,1,4,0,1,0,0,20020,2,1,0,4,,3,378,NA,112,111,1,5,4
2017-074,6/26/18,1,,138 S. Ct. 2392,2017,1706,17-965,"TRUMP, PRESIDENT OF U.S. v. HAWAII",4/25/18,,19,60,28,15,1,0,63,,29,,0,12,4,2,1,4,0,1,1,0,20310,2,1,0,4,,3,344,NA,111,111,1,5,4
2017-077,6/28/18,2,,138 S. Ct. 2548,2017,1706,17-1364,NORTH CAROLINA v. COVINGTON,,,28,38,251,,2,1,99,,99,,0,1,,,1,6,0,1,0,0,20090,2,2,0,3,7,2,231,NA,,111,1,8,0
2017-078,6/28/18,2,,138 S. Ct. 2561,2017,1706,17-742,SAUSE v. BAUER,,,227,,3,20,1,0,72,,30,,0,12,2,1,1,4,0,1,0,0,20410,2,2,,3,2,6,600,42 USC 1983,,111,1,9,0
2018-001,11/6/18,1,,139 S. Ct. 22,2018,1707,17-587,MOUNT LEMMON FIRE DISTRICT v. GUIDO,10/1/18,,18,4,145,,1,0,45,,29,,0,2,4,2,1,2,0,0,0,0,20060,2,2,0,4,,3,302,NA,109,111,1,8,0
2018-002,11/27/18,1,,139 S. Ct. 361,2018,1707,17-71,WEYERHAEUSER COMPANY v. U.S. FISH AND WILDLIFE SERVICE,10/1/18,,195,,326,,1,0,75,,25,,1,11,2,2,1,5,0,1,0,0,80130,8,1,,4,,6,600,Endangered Species Act 16 USC 1533,111,111,1,8,0
2018-006,1/15/19,1,,139 S. Ct. 532,2018,1707,17-340,NEW PRIME INC. v. OLIVEIRA,10/3/18,,245,,145,,1,0,80,,21,,0,7,2,2,1,2,0,0,0,0,70010,7,2,,4,,3,388,NA,115,111,1,8,0
2018-010,3/19/19,1,,139 S. Ct. 954,2018,1707,16-1363,NIELSEN v. PREAP,10/10/18,,422,,106,,1,0,50,,29,,0,2,2,2,1,4,0,1,0,0,20110,2,1,0,4,,3,344,NA,112,111,1,5,4
2018-011,4/24/19,1,,139 S. Ct. 1407,2018,1707,17-988,LAMPS PLUS INC. v. VARELA,10/29/18,,238,,145,,1,0,48,,29,,1,2,2,2,1,4,0,1,0,0,70010,7,1,0,4,,3,388,NA,111,111,1,5,4
2018-012,1/8/19,1,,139 S. Ct. 524,2018,1707,17-1272,HENRY SCHEIN INC. v. ARCHER AND WHITE SALES INC.,10/29/18,,184,,141,,1,0,119,,25,,0,2,2,2,1,5,0,1,0,0,80160,8,1,,4,,3,388,NA,116,111,1,9,0
2018-013,3/19/19,7,,139 S. Ct. 1000,2018,1707,16-1498,WASHINGTON STATE DEPARTMENT OF LICENSING v. COUGAR DEN INC.,10/30/18,,7,56,234,,1,,302,56,300,56,,11,2,2,1,2,0,0,0,0,20160,2,2,0,3,,5,509,NA,110,109,1,5,4
2018-017,6/17/19,7,,139 S. Ct. 1894,2018,1707,16-1275,VIRGINIA URANIUM v. WARREN,11/5/18,,187,,7,55,1,0,127,,24,,1,10,2,1,1,2,0,0,0,0,100030,10,1,0,4,,3,306,NA,115,108,1,6,3
2018-018,3/26/19,1,,139 S. Ct. 1066,2018,1707,17-949,STURGEON v. FROST,11/5/18,,214,,326,,1,0,44,,29,,0,12,2,2,1,4,0,1,0,0,80130,8,1,,4,,6,600,16 U.S.C. 3101,114,111,1,9,0
2018-022,3/26/19,1,,139 S. Ct. 1048,2018,1707,16-1094,REPUBLIC OF SUDAN v. HARRISON,11/7/18,,24,,208,,1,0,96,,22,,0,2,2,2,1,4,0,1,0,0,80060,8,1,0,4,,6,600,"28 U.S.C. 1608, Foreign Sovereign Immunities Act",112,111,1,8,1
2018-023,5/13/19,1,,139 S. Ct. 1514,2018,1707,17-204,APPLE INC. v. PEPPER,11/26/18,,133,,134,,1,0,50,,29,,0,12,4,2,1,2,0,0,0,0,80010,8,2,0,4,,3,310,NA,116,109,1,5,4
2018-024,5/20/19,1,,139 S. Ct. 1688,2018,1707,17-290,MERCK SHARP & DOHME CORP. v. ALBRECHT,1/7/19,,143,,208,,1,0,92,,23,,0,9,5,2,1,5,0,1,0,0,100030,10,1,,4,,3,332,NA,110,111,1,9,0
2018-025,2/20/19,1,,139 S. Ct. 698,2018,1707,17-419,DAWSON v. STEAGER,12/3/18,,240,,4,57,1,0,302,57,300,57,0,8,4,2,1,4,0,1,0,0,100110,10,1,,4,,6,600,4 U.S.C. 111,115,111,1,9,0
2018-026,5/20/19,1,,139 S. Ct. 1686,2018,1707,17-532,HERRERA v. WYOMING,1/8/19,,170,,28,59,1,0,302,59,301,59,0,12,2,1,1,5,0,1,0,0,20160,2,2,0,4,,6,600,15 Stat. 650,113,109,1,5,4
2018-027,3/4/19,1,,139 S. Ct. 881,2018,1707,17-571,FOURTH ESTATE PUBLIC BENEFIT CORP. v. WALL-STREET.COM,1/8/19,,190,,190,,1,0,58,,31,,0,2,2,2,1,2,0,0,0,0,80190,8,2,,4,,6,600,"Copyright Act, 17 U.S.C. 411",109,111,1,9,0
2018-029,3/27/19,1,,139 S. Ct. 1094,2018,1707,17-1077,LORENZO v. SECURITIES AND EXCHANGE COMMISSION,12/3/18,,119,,405,,1,0,32,,32,,1,2,2,2,1,2,0,0,0,0,80120,8,2,0,4,,3,365,NA,110,111,1,6,2
2018-034,4/1/19,1,,139 S. Ct. 1148,2018,1707,17-1184,BIESTEK v. BERRYHILL,12/4/18,,140,,406,,1,0,81,,26,,0,2,2,1,1,2,0,0,0,0,20190,2,1,0,4,,3,370,NA,114,111,1,6,3
2018-035,1/22/19,1,,139 S. Ct. 628,2018,1707,17-1229,HELSINN HEALTHCARE S.A. v. TEVA PHARMACEUTICALS USA INC.,12/4/18,,172,,181,,1,0,92,,8,,0,11,3,1,1,2,0,0,0,0,80180,8,2,,4,,6,600,35 USC 102,108,111,1,9,0
2018-036,5/13/19,1,,139 S. Ct. 1485,2018,1707,17-1299,FRANCHISE TAX BOARD OF CALIFORNIA v. HYATT,1/9/19,,4,6,174,,1,0,302,33,300,33,0,11,7,1,1,4,0,1,1,0,80060,8,2,0,2,,2,224,NA,108,111,1,5,4
2018-037,3/20/19,1,,139 S. Ct. 1029,2018,1707,17-1307,OBDUSKEY v. MCCARTHY & HOLTHUS LLP,1/7/19,,138,,111,,1,0,52,,30,,0,2,2,1,1,2,0,0,0,0,80170,8,1,,4,,6,600,15 U.S.C. 1692,110,111,1,9,0
2018-038,4/29/19,1,,139 S. Ct. 1435,2018,1707,17-1201,THACKER v. TENNESSEE VALLEY AUTHORITY,1/14/19,,208,,409,,1,0,42,,31,,0,11,2,1,1,4,0,1,0,0,80060,8,2,,4,,6,600,16 U.S.C. 831,114,111,1,9,0
2018-041,6/10/19,1,,139 S. Ct. 1853,2018,1707,17-1594,RETURN MAIL INC. v. U.S. POSTAL SERVICE,2/19/19,,172,,412,,1,0,8,,8,,1,11,2,2,1,4,0,1,0,0,80180,8,1,0,4,,6,600,35 U.S.C. 100,113,111,1,6,3
2018-043,3/4/19,1,,139 S. Ct. 873,2018,1707,17-1625,RIMINI STREET INC. v. ORACLE USA INC.,1/14/19,,133,,133,,1,0,90,,29,,0,2,2,1,1,4,0,1,0,0,80190,8,2,,4,,6,600,"Copyright Act, 17 U.S.C. 505",116,111,1,9,0
2018-044,5/20/19,1,,139 S. Ct. 1652,2018,1707,17-1657,"MISSION PRODUCT HOLDINGS INC. v. TEMPNOLOGY, LLC",2/20/19,,135,,138,,1,0,20,,21,,1,2,3,1,1,4,0,1,0,0,80030,8,2,0,4,,3,307,NA,114,111,1,8,1
2018-052,6/26/19,1,,139 S. Ct. 2449,2018,1707,18-96,TENNESSEE WINE & SPIRITS RETAILERS ASSOCIATION v. THOMAS,1/16/19,,216,,4,50,1,0,117,,26,,1,2,2,2,3,2,0,0,0,0,80110,8,2,0,2,,1,111,NA,112,111,1,7,2
2018-054,1/7/19,2,,139 S. Ct. 500,2018,1707,17-1660,ESCONDIDO v. EMMONS,,,3,6,110,,1,0,51,,29,,0,12,4,2,1,5,0,1,0,0,80060,8,1,,7,,2,205,NA,,111,1,9,0
2018-060,6/24/19,1,,139 S. Ct. 2275,2018,1707,18-266,THE DUTRA GROUP v. BATTERTON,3/25/19,,120,,208,,1,0,48,,29,,0,2,2,2,1,4,0,1,0,0,80080,8,1,0,7,7,9,900,NA,112,111,1,6,3
2018-062,6/27/19,1,,139 S. Ct. 2484,2018,1707,18-422,RUCHO v. COMMON CAUSE,3/26/19,,17,38,251,,2,1,99,,99,,0,1,,2,1,5,0,1,0,0,20010,2,1,0,2,,2,231,NA,111,111,1,5,4
2018-065,6/3/19,1,,139 S. Ct. 1843,2018,1707,18-525,"FORT BEND COUNTY, TEXAS v. DAVIS",4/22/19,,5,51,145,,1,0,121,,25,,0,2,3,2,1,2,0,0,0,0,20060,2,2,,4,,3,387,NA,109,111,1,9,0
2018-069,4/23/19,6,,139 S. Ct. 1407,2018,1707,18-459,EMULEX CORP. v. VARJABEDIAN,4/15/19,,122,,237,,1,0,48,,29,,0,1,7,2,1,9,0,0,0,0,80020,8,3,,,,5,508,NA,,111,1,9,0
2018-070,6/10/19,1,,139 S. Ct. 1881,2018,1707,18-389,"PARKER DRILLING MANAGEMENT SERVICES, LTD. v. NEWTON",4/16/19,,151,,145,,1,0,48,,29,,0,2,5,2,1,5,0,1,0,0,100120,10,1,,4,,6,600,43 U.S.C. 1331,108,111,1,9,0
2018-071,6/21/19,1,,139 S. Ct. 2213,2018,1707,18-457,NORTH CAROLINA DEPARTMENT OF REVENUE v. THE KIMBERLEY RICE KAESTNER 1992 FAMILY TRUST,4/16/19,,7,38,102,,1,0,301,38,300,38,1,11,2,1,3,2,0,0,0,0,80100,8,1,,2,,2,230,NA,113,111,1,9,0
2018-073,6/20/19,1,,139 S. Ct. 2149,2018,1707,18-485,MCDONOUGH v. SMITH,4/17/19,,100,,19,37,1,0,95,,22,,0,2,2,1,1,4,0,1,0,0,20400,2,2,,4,,3,314,NA,113,111,1,6,3
2018-074,6/24/19,1,,139 S. Ct. 2356,2018,1707,18-481,FOOD MARKETING INSTITUTE v. ARGUS LEADER MEDIA,4/22/19,,228,,190,,1,0,115,,28,,0,12,2,2,1,4,0,1,0,0,50040,5,1,0,4,,3,335,NA,115,111,1,6,3
2018-076,6/3/19,1,,139 S. Ct. 1795,2018,1707,18-489,TAGGART v. LORENZEN,4/24/19,,138,,135,,1,0,20,,29,,0,11,2,1,1,5,0,1,0,0,80030,8,2,,4,,3,307,NA,110,111,1,9,0
2018-078,5/28/19,2,,139 S. Ct. 1780,2018,1707,18-483,BOX v. PLANNED PARENTHOOD OF IND. & KY.,,,7,18,192,,1,,69,,27,,0,12,2,2,1,3,1,1,0,0,50020,5,1,,3,,8,800,NA,,111,1,7,2
2019-004,6/15/20,1,,140 S. Ct. 1731,2019,1707,17-1618,"BOSTOCK v. CLAYTON COUNTY, GEORGIA",10/8/19,,145,,5,13,1,0,60,,31,,0,2,2,1,1,4,0,1,0,0,20140,2,2,0,4,,3,384,NA,115,111,1,6,3
2019-006,6/1/20,1,,140 S. Ct. 1649,2019,1707,18-1334,"FINANCIAL OVERSIGHT AND MANAGEMENT BOARD FOR PUERTO RICO v. AURELIUS INVESTMENT, LLC",10/15/19,,501,,135,,1,0,112,,21,,0,10,3,1,1,4,0,1,0,0,100030,10,2,,1,,1,135,NA,110,111,1,9,0
2019-007,12/10/19,1,,140 S. Ct. 355,2019,1707,18-328,ROTKISKE v. KLEMM,10/16/19,,138,,135,,1,0,109,,23,,0,2,2,1,1,2,0,0,0,0,80170,8,1,0,4,,6,600,15 USC 1692 (Fair Debt Collection Practices Act),108,111,1,8,1
2019-009,3/3/20,1,,140 S. Ct. 791,2019,1707,17-834,KANSAS v. GARCIA,10/16/19,,28,20,106,,1,0,301,20,300,20,1,12,3,2,1,4,0,1,0,0,100030,10,1,0,4,,3,344,NA,112,111,1,5,4
2019-010,4/23/20,1,,140 S. Ct. 1442,2019,1707,18-725,BARTON v. BARR,11/4/19,,106,,327,,1,0,30,,31,,0,2,2,1,1,2,0,0,0,0,20310,2,1,0,4,,6,600,8 U.S.C. 1229,116,111,1,5,4
2019-012,3/23/20,1,,140 S. Ct. 994,2019,1707,18-877,ALLEN v. COOPER,11/5/19,,112,,28,38,1,0,98,,24,,0,10,3,1,2,2,0,0,0,0,100120,10,1,,1,,6,600,"Copyright Remedy Clarification Act, 17 U.S.C. 511",114,111,1,9,0
2019-013,3/30/20,1,,140 S. Ct. 1081,2019,1707,18-565,"CITGO ASPHALT REFINING CO. v. FRESCATI SHIPPING CO., LTD.",11/5/19,,234,,116,,1,0,109,,23,,0,2,2,2,1,2,0,0,0,0,80070,8,2,0,7,,9,900,NA,113,111,1,7,2
2019-014,1/14/20,6,,140 S. Ct. 592,2019,1707,18-1165,RETIREMENT PLANS COMMITTEE OF IBM v. JANDER,11/6/19,,146,,145,,1,0,96,,22,,0,13,4,2,1,5,0,2,0,0,80090,8,3,,4,,3,323,NA,,111,1,9,0
2019-015,4/23/20,1,,140 S. Ct. 1462,2019,1707,18-260,"COUNTY OF MAUI, HAWAII v. HAWAII WILDLIFE FUND",11/6/19,,5,15,150,,1,0,63,,29,,0,2,2,2,1,5,0,1,0,0,80130,8,2,0,4,,3,338,NA,110,111,1,6,3
2019-016,2/25/20,1,,140 S. Ct. 735,2019,1707,17-1678,HERNANDEZ v. MESA,11/12/19,,106,,260,,1,0,122,,25,,1,12,2,1,1,2,0,0,0,0,80060,8,1,0,1,,2,205,NA,112,111,1,5,4
2019-017,6/18/20,1,,140 S. Ct. 1891,2019,1707,18-587,DEPARTMENT OF HOMELAND SECURITY v. REGENTS OF THE UNIVERSITY OF CALIFORNIA,11/12/19,,422,,26,6,1,0,50,,29,,0,11,2,2,1,5,0,0,0,0,20110,2,2,0,5,,3,305,NA,111,111,1,5,4
2019-018,1/14/20,1,,140 S. Ct. 582,2019,1707,18-938,"RITZEN GROUP INC. v. JACKSON MASONRY, LLC",11/13/19,,123,,138,,1,0,117,,26,,0,11,2,2,1,2,0,0,0,0,80030,8,2,,4,,3,307,NA,109,111,1,9,0
2019-019,3/23/20,1,,140 S. Ct. 1009,2019,1707,18-1171,COMCAST CORP. v. NATIONAL ASSOCIATION OF AFRICAN AMERICAN-OWNED MEDIA,11/13/19,,124,,246,,1,0,48,,29,,0,2,3,2,1,5,0,1,0,0,20040,2,1,,4,,3,312,NA,115,111,1,9,0
2019-020,4/27/20,1,,140 S. Ct. 1498,2019,1707,18-1150,GEORGIA v. PUBLIC.RESOURCE.ORG INC.,12/2/19,,28,13,192,,1,0,60,,31,,0,12,3,2,1,2,0,0,0,0,80190,8,2,0,4,,6,600,"Copyright Act, 17 U.S.C 102",111,111,1,5,4
2019-022,4/20/20,1,,140 S. Ct. 1335,2019,1707,17-1498,ATLANTIC RICHFIELD CO. v. CHRISTIAN,12/3/19,,187,,195,,1,0,302,31,300,31,1,12,2,2,1,7,0,1,0,0,80130,8,1,0,4,,6,600,"CERCLA, 42 U.S.C. 9601",111,111,1,7,2
2019-024,2/26/20,1,,140 S. Ct. 768,2019,1707,18-1116,INTEL CORP. INVESTMENT POLICY COMMITTEE v. SULYMA,12/4/19,,146,,230,,1,0,50,,29,,0,2,3,2,1,2,0,0,0,0,80090,8,2,,4,,3,323,NA,112,111,1,9,0
2019-026,4/20/20,1,,140 S. Ct. 1367,2019,1707,18-916,"THRYV v. CLICK-TO-CALL TECHNOLOGIES, LP",12/9/19,,172,,133,,1,0,8,,8,,0,11,8,1,1,5,0,1,0,0,80180,8,2,0,4,,6,600,35 U.S.C. 315,109,111,1,7,2
2019-027,3/23/20,1,,140 S. Ct. 1062,2019,1707,18-776,GUERRERO-LASPRILLA v. BARR,12/9/19,,106,,327,,1,0,25,,25,,0,11,9,1,1,5,0,1,0,0,20110,2,2,0,4,,3,344,NA,110,111,1,7,2
2019-029,4/27/20,1,,140 S. Ct. 1308,2019,1707,18-1023,MAINE COMMUNITY HEALTH OPTIONS v. UNITED STATES,12/10/19,,171,,27,,1,0,3,,8,,1,12,2,2,1,4,0,1,0,0,80060,8,1,0,4,,6,600,"Affordable Care Act, 42 U.S.C. 18063",113,111,1,8,1
2019-030,2/25/20,1,,140 S. Ct. 719,2019,1707,18-935,MONASKY v. TAGLIERI,12/11/19,,188,,153,,1,0,103,,26,,1,3,2,3,1,2,0,0,0,0,20170,2,3,,4,,5,509,NA,109,111,1,9,0
2019-032,5/18/20,1,,140 S. Ct. 1601,2019,1707,17-1268,OPATI v. REPUBLIC OF SUDAN,2/24/20,,208,,24,,1,0,55,,32,,0,11,2,1,1,5,0,1,0,0,80060,8,2,,4,,6,600,Foreign Sovereign Immunities Act,115,111,1,8,0
2019-033,6/1/20,1,,140 S. Ct. 1615,2019,1707,17-1712,"THOLE v. U.S. BANK, N.A.",1/13/20,,173,,113,,1,0,83,,28,,0,12,2,1,1,2,0,0,0,0,80090,8,1,0,1,,1,139,NA,116,111,1,5,4
2019-034,4/6/20,1,,140 S. Ct. 1168,2019,1707,18-882,BABB v. WILKIE,1/15/20,,145,,414,,1,0,56,,31,,0,2,2,1,1,4,0,1,0,0,20060,2,2,0,4,,3,302,NA,112,111,1,8,1
2019-035,6/1/20,1,,140 S. Ct. 1637,2019,1707,18-1048,GE ENERGY POWER CONVERSION FRANCE SAS v. OUTOKUMPU STAINLESS USA LLC,1/21/20,,147,,184,,1,0,43,,31,,0,2,3,2,1,4,0,1,0,0,80160,8,1,,4,,3,388,NA,108,111,1,9,0
2019-037,5/14/20,1,,140 S. Ct. 1589,2019,1707,18-1086,LUCKY BRAND DUNGAREES INC. v. MARCEL FASHION GROUP INC.,1/13/20,,184,,184,,1,0,96,,22,,0,2,5,1,1,4,0,1,0,0,80200,8,2,,3,,5,506,NA,113,111,1,9,0
2019-039,4/23/20,1,,140 S. Ct. 1492,2019,1707,18-1233,ROMAG FASTENERS INC. v. FOSSIL INC.,1/14/20,,172,,184,,1,0,53,,8,,0,2,2,2,1,5,0,1,0,0,80200,8,1,,4,,6,600,"Lanham Act, 15 U.S.C. 1117",115,111,1,9,0
2019-040,6/29/20,7,,140 S. Ct. 2103,2019,1707,18-1323,JUNE MEDICAL SERVICES LLC v. RUSSO,3/4/20,,165,,7,22,1,0,76,,25,,1,12,3,1,3,3,0,1,0,0,50020,5,2,0,2,,2,230,NA,110,111,1,5,4
2019-041,6/15/20,1,,140 S. Ct. 1837,2019,1707,18-1584,U.S. FOREST SERVICE v. COWPASTURE RIVER PRESERVATION ASSOCIATION,2/24/20,,410,,150,,1,0,24,,24,,0,12,8,2,1,4,0,1,0,0,80130,8,1,0,4,,6,600,"Mineral Leasing Act, 30 U.S.C. 181",108,111,1,7,2
2019-048,7/9/20,1,,140 S. Ct. 2452,2019,1707,18-9526,MCGIRT v. OKLAHOMA,5/11/20,,170,,28,42,1,0,302,42,300,42,0,5,2,1,1,3,0,1,0,0,20160,2,2,0,4,,6,600,Major Crimes Act,115,109,1,5,4
2019-049,6/30/20,1,,140 S. Ct. 2298,2019,1707,19-46,U.S. PATENT AND TRADEMARK OFFICE v. BOOKING.COM B.V.,5/4/20,,394,,122,,1,0,126,,24,,1,12,2,1,1,2,0,0,0,0,80200,8,1,0,4,7,6,600,"Lanham Act, 15 U. S. C. §1051",109,111,1,8,1
2019-062,7/6/20,1,,140 S. Ct. 2316,2019,1707,19-465,CHIAFALO v. WASHINGTON,5/13/20,,251,,28,56,1,0,302,56,300,56,0,5,2,2,1,2,0,0,0,0,20010,2,2,,3,,2,225,NA,114,111,1,9,0
2019-064,2/24/20,2,,140 S. Ct. 696,2019,1707,18-921,ROMAN CATHOLIC ARCHDIOCESE OF SAN JUAN v. FELICIANO,,,130,,230,,1,0,301,46,300,46,1,12,3,3,1,5,0,1,0,0,100020,10,2,,3,,6,600,28 USC 1446 Procedure for Removal Civil Actions,,111,1,9,0
2019-067,6/1/20,1,,140 S. Ct. 1683,2019,1707,18-1432,NASRALLAH v. BARR,3/2/20,,106,,1,,1,0,31,,31,,0,3,9,1,1,3,0,1,0,0,20110,2,2,0,4,,3,344,NA,116,111,1,7,2
2019-068,6/8/20,1,,140 S. Ct. 1721,2019,1707,18-8369,LOMAX v. ORTIZ-MARQUEZ,2/26/20,,215,,19,7,1,0,52,,30,,0,2,2,1,1,2,0,0,0,0,20350,2,1,,4,,6,600,"Prison Litigation Reform Act, 28 U.S.C. 1915",114,111,1,9,0
2019-069,6/15/20,2,,140 S. Ct. 1875,2019,1707,18-9674,ANDRUS v. TEXAS,,,126,,28,51,1,0,302,51,300,51,0,12,9,1,1,5,0,1,0,0,20330,2,2,0,3,,2,214,NA,,111,1,6,3
2019-070,6/25/20,1,,140 S. Ct. 1959,2019,1707,19-161,DEPARTMENT OF HOMELAND SECURITY v. THURAISSIGIAM,3/2/20,,422,,106,,1,0,51,,29,,0,2,4,2,1,4,0,1,0,0,20110,2,1,0,1,,1,121,NA,112,111,1,7,2
2019-072,6/22/20,1,,140 S. Ct. 1936,2019,1707,18-1501,LIU v. SECURITIES AND EXCHANGE COMMISSION,3/3/20,,119,,405,,1,0,48,,29,,0,11,2,2,1,5,0,1,0,0,80120,8,1,1,,,3,365,NA,113,111,1,8,1
2019-073,7/6/20,6,,140 S. Ct. 2316,2019,1707,19-518,COLORADO DEPT. OF STATE v. BACA,5/13/20,,7,7,251,,1,0,52,,30,,0,5,4,1,1,3,0,1,0,,20010,2,2,,2,,2,225,NA,,111,1,8,0